Fname,Mname,Lname,email,gender,country,state,street,birth
Nissie,Klimke,Cookie,cklimke0@etsy.com,Female,China,,7 Hoffman Road,8/30/1971
Hercule,Luddy,Sal,sluddy1@so-net.ne.jp,Male,Costa Rica,,1426 Ryan Junction,7/11/1994
Courtney,Newey,Gerard,gnewey2@bloomberg.com,Male,Latvia,,93 Golf View Junction,10/14/1983
Jodie,Broseman,Blithe,bbroseman3@pinterest.com,Female,Peru,,8306 Packers Plaza,6/23/1964
Paddy,Drayn,Thedric,tdrayn4@i2i.jp,Male,Indonesia,,057 Norway Maple Junction,5/28/1990
Judah,Moorrud,Launce,lmoorrud5@nsw.gov.au,Male,Indonesia,,1236 Muir Court,12/5/1985
Merrill,Hebburn,Johna,jhebburn6@wikipedia.org,Female,Nigeria,,044 Blackbird Park,4/9/2005
Elset,Batalini,Jessamine,jbatalini7@shop-pro.jp,Female,Portugal,Braga,948 Arapahoe Way,8/21/1993
Dov,Stalman,Cornell,cstalman8@infoseek.co.jp,Male,Thailand,,2 Loomis Point,9/11/2001
Quill,Caizley,Nil,ncaizley9@weibo.com,Male,Finland,,62678 Dakota Terrace,2/5/1999
Horton,Widdowes,Xymenes,xwiddowesa@microsoft.com,Male,Ireland,,1555 Springview Plaza,5/25/1988
Rudolph,Cordaroy,Emmy,ecordaroyb@godaddy.com,Male,Brazil,,94697 Lillian Drive,10/22/2004
Rhiamon,Hain,Bunnie,bhainc@tuttocitta.it,Female,Portugal,Braga,954 Eastlawn Pass,10/18/1978
Reece,Laroze,Cody,clarozed@ycombinator.com,Male,Indonesia,,37 Schmedeman Center,9/22/1968
Vin,Sawyer,Lay,lsawyere@weather.com,Male,Lithuania,,90 Karstens Place,5/19/2004
Yovonnda,Bouskill,Bette-ann,bbouskillf@sphinn.com,Female,France,Provence-Alpes-Côte d'Azur,7653 Granby Lane,10/28/1995
Rudiger,Merali,Shelby,smeralig@bloomberg.com,Male,Russia,,6 4th Road,5/23/2004
Norri,Lumm,Celene,clummh@amazon.de,Female,China,,89464 Hansons Trail,10/26/1990
Gustie,Warriner,Bobinette,bwarrineri@foxnews.com,Female,Sweden,Värmland,8 Lighthouse Bay Point,5/4/1963
Fawne,Douty,Jenna,jdoutyj@amazon.co.jp,Female,Nigeria,,9072 4th Plaza,9/16/1988
Merrill,Jeyes,Natala,njeyesk@chron.com,Female,Indonesia,,3505 Utah Center,11/8/1993
Gannon,Crawford,Woody,wcrawfordl@jugem.jp,Male,Russia,,4400 Union Center,2/24/1989
Rois,Bye,Claudette,cbyem@photobucket.com,Female,Indonesia,,225 Dennis Place,2/27/1994
Haven,Concannon,Matteo,mconcannonn@pen.io,Male,Russia,,141 7th Circle,9/23/2003
Moll,Leitch,Lyndsay,lleitcho@posterous.com,Female,Taiwan,,5 Pearson Crossing,7/17/1990
Charley,Darrow,Trace,tdarrowp@soundcloud.com,Male,Ukraine,,9755 Monica Lane,1/16/1991
Mano,Tick,Sascha,stickq@jalbum.net,Male,Indonesia,,69556 Esch Alley,3/13/1987
Heidie,Conti,Catherin,ccontir@networksolutions.com,Female,Nigeria,,96006 Forster Trail,5/9/1963
Brigitte,Marsh,Madelene,mmarshs@blogs.com,Female,China,,0 Meadow Vale Avenue,1/15/1994
Sacha,Bayne,Clarice,cbaynet@abc.net.au,Female,Morocco,,03853 Bartelt Place,11/27/1996
Kamillah,Yuryshev,Wynny,wyuryshevu@amazon.co.jp,Female,Bangladesh,,71101 8th Lane,8/15/1981
Hank,Gadie,Rutherford,rgadiev@tripadvisor.com,Male,Czech Republic,,47079 Hollow Ridge Crossing,2/10/2005
Ellynn,Bednall,Mahalia,mbednallw@com.com,Female,France,Basse-Normandie,1 Westridge Avenue,4/29/1985
Richardo,Medcalfe,Nye,nmedcalfex@blogspot.com,Male,South Korea,,36902 Miller Court,3/27/2004
Kay,Cutchee,Kathy,kcutcheey@blog.com,Female,Philippines,,365 Amoth Center,4/28/2000
Winonah,Camin,Cindelyn,ccaminz@sfgate.com,Female,Czech Republic,,1607 Crownhardt Road,11/25/2002
Kale,Shrimpton,Pren,pshrimpton10@drupal.org,Male,Thailand,,165 Maple Avenue,11/6/1991
Donnie,Morris,Esmaria,emorris11@pcworld.com,Female,Tanzania,,97 Glendale Park,9/15/1993
Cissy,Chanders,Lil,lchanders12@baidu.com,Female,China,,99331 Towne Park,11/23/2001
Todd,Ahmad,Chandler,cahmad13@theglobeandmail.com,Male,Indonesia,,1 Talisman Parkway,2/25/1999
Gradey,Gallally,Reagan,rgallally14@ucoz.ru,Male,Nigeria,,078 Continental Terrace,1/10/1988
Christalle,Mattacks,Lezlie,lmattacks15@exblog.jp,Female,Colombia,,8 Kingsford Crossing,12/29/1969
Rab,Nellen,Colman,cnellen16@weibo.com,Male,Colombia,,48 Lindbergh Terrace,10/6/1996
Wayne,Gallo,Lorenzo,lgallo17@arizona.edu,Male,Sweden,Kalmar,034 Raven Hill,6/12/1976
Nels,Hessentaler,Corbin,chessentaler18@elegantthemes.com,Male,Sweden,Skåne,6085 Maryland Center,9/29/1965
Chelsy,McPike,Kizzee,kmcpike19@tamu.edu,Female,Portugal,Castelo Branco,859 Elmside Street,2/21/1997
Adelice,Scarth,Cathyleen,cscarth1a@domainmarket.com,Female,China,,57 Homewood Trail,3/6/1975
Bran,Blackley,Rowan,rblackley1b@nationalgeographic.com,Male,Russia,,33 Reinke Pass,11/21/1964
Blondie,Sille,Kaleena,ksille1c@bbb.org,Polygender,Lebanon,,3781 Katie Junction,11/4/1972
Hermina,Thornewell,Madelaine,mthornewell1d@smh.com.au,Female,Russia,,685 Mayer Way,3/7/1992
Buckie,O'Carran,Vite,vocarran1e@timesonline.co.uk,Male,China,,0749 Arizona Court,5/7/1987
Rriocard,Piecha,Jacques,jpiecha1f@forbes.com,Male,Nicaragua,,2771 Hanover Parkway,7/20/1980
Em,Keays,Baxy,bkeays1g@fda.gov,Male,Germany,Sachsen,05835 Monica Parkway,3/19/2003
Ogden,Dupey,Brodie,bdupey1h@prweb.com,Male,Poland,,100 Loftsgordon Junction,11/13/1995
Cozmo,Burd,Damon,dburd1i@webeden.co.uk,Male,Kosovo,,0041 Cherokee Trail,7/15/1961
Zachery,Norwich,Lay,lnorwich1j@thetimes.co.uk,Male,China,,773 Kings Hill,6/30/1979
Beitris,Rosekilly,Mathilda,mrosekilly1k@feedburner.com,Female,China,,31299 Hooker Street,12/14/1969
Daphne,Magson,Chiarra,cmagson1l@meetup.com,Female,Russia,,777 Westport Terrace,3/3/1998
Kort,Condy,Baxie,bcondy1m@is.gd,Male,Philippines,,2 Thompson Pass,9/24/1969
Yvonne,Laborda,Flossi,flaborda1n@xing.com,Polygender,United States,New Mexico,94 Knutson Point,3/15/1974
Aeriel,Ollarenshaw,Fred,follarenshaw1o@tuttocitta.it,Female,China,,46 Fisk Park,12/9/1990
Jacky,Fulbrook,Chane,cfulbrook1p@spotify.com,Male,France,Île-de-France,7655 Mayfield Point,8/31/2003
Mariel,Circuitt,Donnie,dcircuitt1q@trellian.com,Female,Ghana,,481 Gulseth Hill,6/12/2004
Liz,Kleehuhler,Leigha,lkleehuhler1r@wired.com,Female,Poland,,8 Forest Drive,4/4/1995
Brockie,Deneve,Prince,pdeneve1s@lycos.com,Male,Indonesia,,6 Raven Court,10/4/1980
Gwenette,MacInherney,Andi,amacinherney1t@clickbank.net,Female,Poland,,4 Nancy Drive,1/11/1966
Kym,MacCallam,Anna-maria,amaccallam1u@nationalgeographic.com,Female,Portugal,Porto,6253 Trailsway Street,9/30/1978
Ruttger,Kellick,Carlyle,ckellick1v@bloomberg.com,Male,Nigeria,,412 Moose Crossing,4/12/1991
Glennis,Pontin,Teddie,tpontin1w@hp.com,Female,Poland,,23 Shoshone Road,1/22/1975
Harriette,Yesson,Fianna,fyesson1x@skyrock.com,Female,Philippines,,4 Myrtle Hill,6/4/1988
Alameda,Gaudin,Gerda,ggaudin1y@sourceforge.net,Female,Poland,,690 Northfield Crossing,5/3/1962
Craig,Conneely,Pepito,pconneely1z@house.gov,Male,Philippines,,47026 Cody Park,8/5/1989
Shaw,Gilley,Malachi,mgilley20@alibaba.com,Genderqueer,Afghanistan,,309 Westerfield Park,4/19/1988
Aloin,Jewell,Paulie,pjewell21@cdc.gov,Male,Portugal,Vila Real,30457 Main Plaza,4/16/1972
Bettina,Rousby,Bernardine,brousby22@upenn.edu,Female,China,,6 Stang Place,4/2/1967
Thoma,Hayball,Ewen,ehayball23@ed.gov,Male,Russia,,674 Hooker Center,11/8/1982
Ezequiel,Formie,Hughie,hformie24@house.gov,Male,Russia,,20791 Helena Point,11/25/1998
Quinn,Celli,Bellina,bcelli25@cbslocal.com,Female,China,,02138 Pennsylvania Park,9/23/1984
Franklin,Duffan,Vernor,vduffan26@shutterfly.com,Male,Indonesia,,0 Bartelt Point,3/4/1965
See,McGahey,Bone,bmcgahey27@nih.gov,Male,Indonesia,,504 Quincy Trail,1/19/1961
Rhonda,Bentinck,Natassia,nbentinck28@addtoany.com,Female,France,Provence-Alpes-Côte d'Azur,16 American Drive,11/7/1969
Harri,Batalle,Domeniga,dbatalle29@umich.edu,Female,Tunisia,,869 Green Terrace,7/13/1999
Devin,Raspel,Joshuah,jraspel2a@npr.org,Male,Indonesia,,64262 Maywood Parkway,7/8/1995
Kristine,Weddell,Kordula,kweddell2b@blogger.com,Female,Pakistan,,98 Mitchell Circle,9/6/1983
Martita,Cords,Cathee,ccords2c@lycos.com,Female,China,,24960 Fisk Pass,9/21/1967
Filippa,Penas,Marrissa,mpenas2d@virginia.edu,Female,Indonesia,,35 Everett Way,6/20/1967
Cobbie,Cornill,Gun,gcornill2e@cbc.ca,Male,Greece,,62 Summer Ridge Plaza,7/29/1962
Odilia,Pitway,Natala,npitway2f@msu.edu,Female,China,,1399 Oneill Center,10/19/2003
Jerald,Overpool,Basil,boverpool2g@flavors.me,Male,Sweden,Västra Götaland,589 Lunder Drive,5/4/2003
Bartlett,Pottage,Justinian,jpottage2h@icq.com,Male,Philippines,,98 Maple Wood Point,5/10/1977
Feodora,Trowel,Karie,ktrowel2i@intel.com,Female,Brazil,,47 Vermont Pass,4/19/1971
Ricardo,Reeson,Alistair,areeson2j@google.nl,Male,Tajikistan,,87 2nd Avenue,3/14/1991
Anastasia,Matyja,Dalia,dmatyja2k@smh.com.au,Female,Indonesia,,250 Grayhawk Parkway,12/2/2004
Elka,Kaiser,Melicent,mkaiser2l@berkeley.edu,Female,Poland,,0 Lakewood Gardens Center,7/6/1997
Hernando,Wife,Dalli,dwife2m@webnode.com,Male,Philippines,,0637 Grasskamp Circle,4/27/1995
Malena,McCarter,Sonia,smccarter2n@tinypic.com,Female,Indonesia,,7 Lake View Junction,2/21/1974
Stephana,Tremoulet,Corinna,ctremoulet2o@wiley.com,Female,Czech Republic,,9969 Bluejay Center,6/14/1969
Codie,Fehner,Darb,dfehner2p@goodreads.com,Female,Sweden,Norrbotten,5 Westridge Junction,9/17/1997
Netta,Dursley,Minna,mdursley2q@sohu.com,Female,Sweden,Dalarna,42 South Terrace,10/25/1990
Bernadine,Korda,Nita,nkorda2r@feedburner.com,Female,China,,89393 Ohio Road,8/27/1980
Tommie,Trevallion,Liza,ltrevallion2s@google.co.uk,Female,Turkmenistan,,300 Pawling Alley,9/5/1987
Louie,Barnwille,Ellswerth,ebarnwille2t@twitpic.com,Male,Macedonia,,86342 Sunfield Trail,1/12/1961
Eberto,Claricoats,Cecil,cclaricoats2u@amazon.com,Male,China,,0247 Cottonwood Lane,2/8/1968
Jermain,Orrell,Bronnie,borrell2v@about.me,Male,Japan,,7449 Anderson Hill,3/3/1985
Washington,Cronin,Arte,acronin2w@gmpg.org,Male,China,,5 Warrior Road,5/22/1964
Ailbert,Liversidge,Boote,bliversidge2x@mac.com,Male,Indonesia,,02759 Erie Trail,9/18/1969
Gail,Glenny,Filippo,fglenny2y@springer.com,Male,Indonesia,,7 Iowa Pass,2/1/1998
Isaac,Hanney,Hilarius,hhanney2z@ustream.tv,Bigender,Malaysia,Putrajaya,3228 Onsgard Terrace,2/15/2005
Kirk,Ronchetti,Jasmina,jronchetti30@ow.ly,Polygender,United States,North Carolina,759 Vermont Junction,2/11/1982
Seward,Arendsen,Enos,earendsen31@qq.com,Male,France,Rhône-Alpes,52 Heffernan Circle,3/17/1996
Rutledge,Gopsall,Bennett,bgopsall32@state.gov,Male,Indonesia,,3612 Maple Lane,3/15/1987
Byron,Scholey,Maximilien,mscholey33@wordpress.com,Male,China,,2 Surrey Avenue,6/27/1992
Hilario,Ricca,Guthrie,gricca34@liveinternet.ru,Male,Poland,,4 Monument Trail,8/29/1977
Amalle,Abarough,Florida,fabarough35@technorati.com,Female,United States,California,8666 Memorial Road,11/11/1984
Rivy,Dalgleish,Alexandra,adalgleish36@newsvine.com,Female,France,Pays de la Loire,953 Oak Valley Terrace,2/15/1982
Kate,De Bischof,Latia,ldebischof37@bandcamp.com,Female,Indonesia,,8138 Acker Pass,10/30/1993
Ramona,Jessop,Jemie,jjessop38@fda.gov,Female,China,,5683 Quincy Pass,6/19/1985
Kermit,Hansell,Lefty,lhansell39@typepad.com,Male,China,,44624 Sullivan Way,5/13/1978
Kathleen,Forsdyke,Rivalee,rforsdyke3a@hud.gov,Female,Indonesia,,3682 Clove Court,5/14/1984
Karry,Southcoat,Daisy,dsouthcoat3b@nifty.com,Female,Guatemala,,700 Lillian Hill,11/2/1967
Aurthur,Chatelot,Clint,cchatelot3c@furl.net,Male,France,Champagne-Ardenne,4 Vera Place,8/5/1966
Diahann,Ortzen,Trisha,tortzen3d@prlog.org,Female,Philippines,,9081 Manitowish Way,9/12/1962
Terrell,Capel,Gualterio,gcapel3e@spotify.com,Male,Indonesia,,52345 Blue Bill Park Place,8/2/2000
Dante,Barbour,Armstrong,abarbour3f@earthlink.net,Male,Indonesia,,7 Hintze Street,10/13/1987
Celesta,Sumpter,Lianne,lsumpter3g@altervista.org,Female,China,,3972 Ludington Hill,11/23/1977
Fee,Longfut,Rick,rlongfut3h@arstechnica.com,Male,Moldova,,714 Dakota Pass,12/1/1973
Daloris,Roxbee,Nolana,nroxbee3i@apache.org,Female,Thailand,,1 Mandrake Place,12/6/1976
Pris,Taggert,Gabie,gtaggert3j@nbcnews.com,Female,China,,490 Sutherland Circle,6/9/1976
Cristi,Blazi,Ashlie,ablazi3k@edublogs.org,Polygender,Botswana,,324 Straubel Place,12/17/1995
Delmor,Newham,Grant,gnewham3l@rediff.com,Male,Armenia,,8 Kings Park,12/1/1988
Alia,Simkiss,Nathalie,nsimkiss3m@reverbnation.com,Female,China,,98 Golf Crossing,10/4/1973
Benny,McMurray,Shayla,smcmurray3n@free.fr,Female,China,,23880 Barnett Center,1/22/1998
Frieda,Gresly,Maud,mgresly3o@ibm.com,Female,Brazil,,10052 Nova Center,2/10/1994
Dallas,Whitcomb,Paulie,pwhitcomb3p@about.me,Male,Indonesia,,4 Michigan Place,4/15/1987
Peggi,Garwood,Fina,fgarwood3q@alibaba.com,Non-binary,Russia,,0 Kings Hill,12/3/2002
Lil,Clausson,Guillemette,gclausson3r@linkedin.com,Female,Thailand,,0 Menomonie Avenue,8/8/1962
Abby,Stave,King,kstave3s@prnewswire.com,Male,France,Île-de-France,79 Summer Ridge Center,2/25/1964
Letta,Luxen,Retha,rluxen3t@independent.co.uk,Female,Russia,,2975 Grover Junction,4/7/1985
Dagmar,Caine,Diana,dcaine3u@ustream.tv,Female,Sweden,Västmanland,97 Norway Maple Avenue,5/10/1987
Evania,Guiet,Karylin,kguiet3v@wunderground.com,Female,Canada,British Columbia,2423 Schiller Circle,1/29/1986
Porter,Fleming,Brice,bfleming3w@telegraph.co.uk,Male,Cuba,,628 Superior Junction,5/28/1985
Ailyn,Neeves,Gale,gneeves3x@yale.edu,Agender,Germany,Nordrhein-Westfalen,3 Del Mar Road,7/27/2004
Hasheem,Ireson,Pat,pireson3y@nytimes.com,Male,Venezuela,,17 Miller Street,8/10/1985
Saunders,Reubel,Hadley,hreubel3z@cargocollective.com,Male,Burkina Faso,,27222 Saint Paul Court,10/4/1979
Sheena,Burchard,Freddi,fburchard40@seesaa.net,Female,Nigeria,,5 Northview Junction,11/25/1973
Sam,Dedam,Henry,hdedam41@mtv.com,Male,Poland,,0454 Eliot Court,9/27/1979
Mercie,Gurry,Cammi,cgurry42@biblegateway.com,Female,Philippines,,805 New Castle Lane,4/23/1975
Artus,Rief,Cordie,crief43@blogs.com,Male,Argentina,,0519 Melrose Trail,8/14/1963
Gretta,Nono,Rosanna,rnono44@gizmodo.com,Female,Macedonia,,74 Forster Park,6/22/1997
Margret,Gasking,Kimmy,kgasking45@youtu.be,Female,Sweden,Stockholm,53565 Morning Street,1/25/1978
Darbie,MacDonagh,Madlin,mmacdonagh46@smh.com.au,Female,Ireland,,100 Orin Trail,2/16/1991
Anette,Duham,Teena,tduham47@umn.edu,Female,Poland,,33 North Hill,9/28/1985
Jan,Wahner,Omar,owahner48@umn.edu,Male,Thailand,,4 Sloan Alley,10/1/1981
Neile,Gurden,Jade,jgurden49@cyberchimps.com,Female,China,,39103 Manufacturers Circle,12/31/1966
Ingrim,Dampney,Isidoro,idampney4a@discovery.com,Male,Serbia,,9580 Kim Hill,6/26/1963
Darrell,Dopson,Meyer,mdopson4b@opera.com,Male,Sweden,Gävleborg,4 Monica Drive,3/8/1975
Rollo,Whitehorne,Fernando,fwhitehorne4c@samsung.com,Polygender,Indonesia,,14 Continental Crossing,11/14/1969
Pietrek,Tryme,Tadio,ttryme4d@xrea.com,Male,Pakistan,,2662 Pond Center,1/10/1991
Camille,Shimoni,Pamela,pshimoni4e@smugmug.com,Female,Indonesia,,25 Bartelt Place,7/24/1994
Jsandye,Birtchnell,Corella,cbirtchnell4f@nsw.gov.au,Female,Thailand,,5192 Lighthouse Bay Point,1/19/1969
Nevil,Gorgen,Neil,ngorgen4g@netvibes.com,Male,China,,4696 West Parkway,11/27/1984
Dewie,Spinola,Thacher,tspinola4h@t.co,Male,Poland,,3798 7th Street,1/1/1979
Lilian,Merryfield,Quinn,qmerryfield4i@github.io,Female,Portugal,Porto,826 Schlimgen Point,8/2/1974
Gal,Keeble,Law,lkeeble4j@businessinsider.com,Male,Brazil,,3 Becker Terrace,7/7/1975
Andree,Pickover,Vere,vpickover4k@aboutads.info,Female,Kosovo,,465 Starling Street,5/8/1967
Amaleta,Shepeard,Angel,ashepeard4l@instagram.com,Female,Syria,,48 Pierstorff Pass,2/6/1992
Ham,Fettis,Taite,tfettis4m@wp.com,Male,Philippines,,0 Anthes Trail,1/8/1983
Celinda,Greensite,Nerta,ngreensite4n@weebly.com,Female,Albania,,517 Sugar Crossing,1/25/1991
Jermain,Cratchley,Delmer,dcratchley4o@wikipedia.org,Male,Sweden,Västerbotten,25569 Armistice Alley,11/10/1981
Bone,O'Leahy,Osborne,ooleahy4p@phpbb.com,Male,Chad,,38 Prentice Circle,4/7/1978
Carolina,Seabright,Benedikta,bseabright4q@cyberchimps.com,Female,Greece,,25509 Hooker Place,8/9/1984
Elbert,Zeplin,Adolpho,azeplin4r@comsenz.com,Male,Mongolia,,3 Lindbergh Alley,5/28/2002
Dame,Gleadhall,Lurleen,lgleadhall4s@jugem.jp,Non-binary,Canada,Québec,93 Reindahl Center,7/10/2002
Minny,Huebner,Hollyanne,hhuebner4t@wordpress.org,Female,Mongolia,,937 Lunder Court,5/22/1983
Mike,Whales,Benedict,bwhales4u@unesco.org,Polygender,China,,581 Bunker Hill Point,12/22/1999
Jessalin,Vannikov,Nan,nvannikov4v@nyu.edu,Female,Russia,,63 Maple Drive,10/7/1997
Lori,Glasscock,Tootsie,tglasscock4w@usgs.gov,Female,China,,0561 Fremont Point,2/24/1967
Ransom,Auckland,Nefen,nauckland4x@sohu.com,Male,Indonesia,,1 Lerdahl Plaza,5/12/1967
Alonso,Thorburn,Lucian,lthorburn4y@yale.edu,Male,Indonesia,,7 Forest Dale Alley,5/18/1960
Rourke,Aleswell,Baxy,baleswell4z@google.de,Non-binary,Syria,,34 Buhler Way,9/25/1961
Isak,Scheu,Paige,pscheu50@hao123.com,Male,Mexico,Nuevo Leon,82 Stone Corner Junction,6/11/1986
Cinda,Schurig,Crissy,cschurig51@w3.org,Female,China,,52 Charing Cross Hill,12/16/1989
Hollis,Inskipp,Urbanus,uinskipp52@techcrunch.com,Male,Portugal,Coimbra,1 Banding Place,9/11/1979
Levon,Harpham,Heywood,hharpham53@statcounter.com,Male,Egypt,,12 Redwing Center,7/5/1995
Jena,Coghill,Marty,mcoghill54@blogspot.com,Female,Portugal,Setúbal,8937 Blackbird Alley,3/24/1988
Alanah,Ayris,Tandy,tayris55@facebook.com,Female,Portugal,Setúbal,98 Sunfield Street,6/11/1976
Waylen,Kibbe,Shaughn,skibbe56@netlog.com,Male,Brazil,,6735 Orin Hill,4/26/1983
Jolene,Godding,Bell,bgodding57@latimes.com,Female,Netherlands,Provincie Utrecht,09154 Ilene Way,12/20/1982
Julie,Pendell,Zared,zpendell58@constantcontact.com,Male,United States,Texas,18806 Cody Crossing,1/31/2004
Louisa,Twine,Hope,htwine59@earthlink.net,Female,China,,2351 Merchant Hill,1/18/1968
Natasha,Land,Morie,mland5a@engadget.com,Genderfluid,Netherlands,Provincie Zuid-Holland,019 Dawn Junction,11/14/1972
Griffy,Blanc,Haze,hblanc5b@flickr.com,Polygender,Macedonia,,0 Tennessee Drive,3/25/2004
Rodolfo,Dowding,Walt,wdowding5c@topsy.com,Male,Ukraine,,58139 Dryden Hill,7/10/1964
Olympe,Berka,Claudette,cberka5d@gnu.org,Female,Albania,,5583 Northfield Drive,10/24/1992
Shelli,Baillie,Ofella,obaillie5e@comsenz.com,Female,China,,649 Hoard Drive,4/11/1997
Valida,Ellam,Patrizia,pellam5f@feedburner.com,Female,Sweden,Västernorrland,0 Dayton Way,1/15/1980
Cal,Hamil,Mechelle,mhamil5g@wix.com,Non-binary,Poland,,0893 Lindbergh Parkway,3/7/1987
Valaria,McInerney,Roseanne,rmcinerney5h@123-reg.co.uk,Female,Croatia,,62 Schiller Court,1/5/1962
Cord,Kersey,Mal,mkersey5i@kickstarter.com,Male,Thailand,,244 Wayridge Terrace,10/10/1975
Georgine,Ligoe,Moina,mligoe5j@amazon.de,Female,Norway,Rogaland,450 Linden Lane,2/8/1993
Nobe,Manntschke,Klemens,kmanntschke5k@cbc.ca,Male,Argentina,,37674 Namekagon Place,6/22/1969
Britney,Eads,Dory,deads5l@economist.com,Female,Pakistan,,5805 Karstens Lane,9/13/1981
Claudelle,Wiffield,Karole,kwiffield5m@sun.com,Female,Philippines,,2222 Melvin Road,10/7/1992
Gard,Blaza,Vaughn,vblaza5n@smugmug.com,Male,Brazil,,691 Melby Hill,1/19/1984
Caprice,Piatti,Xylina,xpiatti5o@yellowpages.com,Female,Indonesia,,8 Shoshone Lane,11/7/1994
Verile,Tims,Kaleena,ktims5p@globo.com,Female,Tunisia,,5798 Manitowish Plaza,10/20/1967
Gabriel,Ruddle,Kelly,kruddle5q@360.cn,Female,Indonesia,,4 Judy Circle,4/17/1982
Pat,Smail,Sayres,ssmail5r@phoca.cz,Male,Norway,Oslo,85 Randy Crossing,6/1/1966
Kiri,Pollard,Yetty,ypollard5s@addtoany.com,Female,Indonesia,,5 Washington Pass,4/20/1980
Horton,Canario,Edvard,ecanario5t@163.com,Male,China,,05977 Everett Place,8/3/1963
Zacharie,Eccleston,Ferrell,feccleston5u@gravatar.com,Male,Philippines,,655 Mandrake Lane,5/18/1981
Davin,Gouinlock,Ber,bgouinlock5v@reddit.com,Male,Peru,,6243 Lien Avenue,1/26/1967
Tony,Haslegrave,Tore,thaslegrave5w@instagram.com,Male,Yemen,,5 Riverside Point,6/21/1962
Clarke,Foxten,Jeremie,jfoxten5x@cam.ac.uk,Male,Iran,,70407 Lakewood Terrace,8/18/1969
Giustina,Bohler,Fredia,fbohler5y@usgs.gov,Female,Indonesia,,5 Johnson Circle,5/11/1967
Correy,Jendrach,Antin,ajendrach5z@squarespace.com,Male,Bulgaria,,23 Arkansas Place,4/4/2003
Earl,Yitzhakov,Morty,myitzhakov60@ezinearticles.com,Male,China,,67 Longview Way,3/26/1965
Amii,Moy,Edwina,emoy61@reddit.com,Female,Colombia,,2 Shasta Junction,7/31/2000
Lily,Lande,Barbe,blande62@reverbnation.com,Female,Czech Republic,,8322 Fair Oaks Pass,11/12/1961
Myrlene,Gleeson,Celina,cgleeson63@soundcloud.com,Female,Sudan,,56212 Towne Terrace,2/7/1985
Meggie,Cartmill,Pavla,pcartmill64@meetup.com,Bigender,Chile,,11777 Saint Paul Circle,6/6/1979
Nanice,Ennew,Gabbie,gennew65@weibo.com,Female,China,,2 Magdeline Junction,2/1/1970
Sindee,MacVagh,Esme,emacvagh66@sakura.ne.jp,Female,China,,107 Charing Cross Point,3/7/1996
Gram,Covill,Eziechiele,ecovill67@vinaora.com,Male,Poland,,285 Dunning Park,3/24/1979
Merralee,Ellerman,Mariann,mellerman68@china.com.cn,Female,Syria,,05284 Gulseth Center,7/11/2003
Terrence,Wildbore,Brodie,bwildbore69@domainmarket.com,Male,Portugal,Viseu,55 Judy Drive,5/3/1992
Kaylee,Humpherson,Sophia,shumpherson6a@comsenz.com,Female,Peru,,558 Norway Maple Drive,8/6/1977
Sheelagh,Malamore,Beitris,bmalamore6b@webs.com,Female,Peru,,5180 Badeau Way,8/10/1977
Jorry,Yarranton,Demetra,dyarranton6c@pinterest.com,Female,Sweden,Östergötland,878 Petterle Way,12/26/1985
Dayna,Featherby,Nichol,nfeatherby6d@devhub.com,Female,Sweden,Stockholm,60 Parkside Drive,7/21/1964
Eziechiele,Creenan,Langsdon,lcreenan6e@kickstarter.com,Male,Portugal,Viseu,208 Division Terrace,7/27/1975
Corny,Hargitt,Kally,khargitt6f@fastcompany.com,Female,Bulgaria,,3 Dorton Pass,2/1/1977
Aldon,Seekings,Flem,fseekings6g@narod.ru,Male,China,,2 Brickson Park Junction,4/25/1976
Jermain,Freen,Ephraim,efreen6h@discuz.net,Male,Thailand,,4651 Waywood Junction,3/8/1996
Gawain,Horry,Felipe,fhorry6i@phpbb.com,Male,Philippines,,636 Coleman Court,12/2/2000
Titos,Hanwright,Karly,khanwright6j@jimdo.com,Agender,Greece,,046 Algoma Trail,8/21/1977
El,Idel,Elwood,eidel6k@t.co,Male,China,,7 Esker Trail,8/17/1974
Eduardo,Joye,Stanislaus,sjoye6l@cloudflare.com,Male,Thailand,,75 Macpherson Point,3/6/1971
Keslie,Grishukhin,Fernandina,fgrishukhin6m@scientificamerican.com,Female,Portugal,Porto,0 Pawling Point,10/7/1984
Dexter,Dominichetti,Krishna,kdominichetti6n@skyrock.com,Male,Philippines,,740 Lillian Hill,8/3/1973
Errol,Cottesford,Rory,rcottesford6o@reference.com,Male,Guatemala,,89 Anthes Way,3/23/1962
Matilde,Windeatt,Alissa,awindeatt6p@omniture.com,Female,China,,655 Glacier Hill Junction,6/15/1990
Lewes,Mullis,Zacharias,zmullis6q@ft.com,Male,Bosnia and Herzegovina,,64748 Ohio Alley,2/12/2005
Jorry,Pountain,Katrine,kpountain6r@youtube.com,Female,China,,2 Northview Crossing,8/8/1977
Hermione,Reinert,Meaghan,mreinert6s@china.com.cn,Female,Indonesia,,0 Algoma Crossing,6/30/1996
Quintana,Jimeno,Ana,ajimeno6t@washingtonpost.com,Female,Peru,,8 Hanover Trail,6/19/1975
Eda,Bursnell,Lyndel,lbursnell6u@storify.com,Female,Portugal,Ilha da Madeira,25 Talmadge Circle,12/19/1965
Janeen,Faulkes,Aila,afaulkes6v@bizjournals.com,Female,Russia,,95 Pierstorff Street,10/22/1983
Cornie,Koppes,Gilles,gkoppes6w@zimbio.com,Male,Philippines,,232 Oak Valley Terrace,1/18/1979
Consolata,Learie,Euphemia,elearie6x@hc360.com,Female,Russia,,62 Grasskamp Point,5/5/1961
Hollis,Jimes,Thedrick,tjimes6y@msn.com,Male,China,,665 Banding Point,8/15/1990
Addia,Escolme,Elsinore,eescolme6z@hc360.com,Female,Indonesia,,3964 Lillian Plaza,6/18/1960
Karon,MacNeice,Alyson,amacneice70@prlog.org,Female,Peru,,85 David Plaza,5/11/1996
Muire,Skeeles,Shane,sskeeles71@rakuten.co.jp,Female,Zimbabwe,,913 Glendale Junction,9/26/1971
Deena,Aggott,Sela,saggott72@tripadvisor.com,Female,Ukraine,,8646 Manufacturers Street,9/1/1973
Lynne,Halfhead,Fanchon,fhalfhead73@jimdo.com,Female,Philippines,,92398 Mccormick Parkway,12/2/2002
Gill,Agney,Alonso,aagney74@w3.org,Male,Brazil,,263 Crescent Oaks Place,12/10/1991
Huberto,Heads,Rudd,rheads75@wikispaces.com,Male,Indonesia,,25669 Tony Street,10/23/1982
Jaime,Belmont,Mano,mbelmont76@accuweather.com,Male,Philippines,,39266 Karstens Terrace,12/28/1962
Mame,Eckley,Wynne,weckley77@indiegogo.com,Female,Japan,,2 Northfield Parkway,4/15/1979
Thomasa,Stit,Britt,bstit78@pbs.org,Female,United Kingdom,England,02 Rockefeller Way,5/3/2000
Christabella,Darville,Blanca,bdarville79@salon.com,Female,United States,Missouri,64785 Talmadge Parkway,1/30/1977
Binnie,Escott,Rozina,rescott7a@goo.gl,Female,Indonesia,,328 Meadow Valley Alley,6/21/1960
Billi,Mannock,Vittoria,vmannock7b@123-reg.co.uk,Female,Portugal,Aveiro,45650 Sutteridge Trail,6/29/1974
Ogdon,Skryne,Freddie,fskryne7c@dell.com,Genderfluid,China,,365 Rowland Junction,7/28/1974
Matias,Wathen,Nobe,nwathen7d@joomla.org,Male,China,,82 Cardinal Crossing,9/26/1972
Valencia,Dunkirk,Tatiana,tdunkirk7e@t-online.de,Female,Tajikistan,,73660 Ramsey Plaza,6/15/1970
Selma,Chasmer,Dagmar,dchasmer7f@webs.com,Female,United States,Virginia,026 Merrick Court,11/29/1972
Gert,Obington,Marcelia,mobington7g@netvibes.com,Female,Russia,,81 Fremont Junction,8/8/2002
Bertie,Le Gall,Roxane,rlegall7h@ucsd.edu,Female,Sweden,Kronoberg,25 Packers Center,4/5/1988
Arlina,Tibb,Coretta,ctibb7i@nasa.gov,Female,Italy,Liguria,46279 Bonner Park,7/6/1976
Viviyan,Spaunton,Rebeka,rspaunton7j@prnewswire.com,Female,Japan,,88 Marcy Circle,1/13/1973
Ardine,Celez,Granville,gcelez7k@blogspot.com,Genderqueer,Afghanistan,,05442 Daystar Trail,8/21/1995
Aretha,Powter,Doria,dpowter7l@reuters.com,Female,Indonesia,,7730 Trailsway Drive,8/30/1993
Jacinthe,Matejovsky,Dulcinea,dmatejovsky7m@dagondesign.com,Female,Peru,,096 Maywood Park,2/22/1968
Nichole,Caiger,Alaster,acaiger7n@blogger.com,Male,Cape Verde,,64 Londonderry Point,1/31/1976
Hermione,Vedyasov,Aarika,avedyasov7o@mit.edu,Female,Philippines,,26835 Texas Plaza,2/28/1996
Carlin,Ive,Jami,jive7p@si.edu,Female,China,,544 Red Cloud Crossing,1/23/1968
Norene,Paulmann,Fidelia,fpaulmann7q@yelp.com,Female,Colombia,,79834 Summerview Way,3/19/1980
Hernando,Getch,Issi,igetch7r@salon.com,Genderfluid,China,,62 Delaware Avenue,5/23/1977
Mel,Hatrick,Almira,ahatrick7s@prlog.org,Female,Indonesia,,41 Fairview Point,4/14/1964
Irina,Bannard,Agatha,abannard7t@infoseek.co.jp,Female,Sweden,Västra Götaland,77 Straubel Parkway,9/28/1981
Hiram,Chatters,Stillman,schatters7u@e-recht24.de,Male,Brazil,,85 Fremont Circle,8/27/1964
Kamillah,Shanley,Layney,lshanley7v@nasa.gov,Female,Netherlands,Provincie Gelderland,2102 Dahle Trail,3/16/1975
Doralynn,Remmers,Fallon,fremmers7w@1und1.de,Female,Chile,,5819 Melody Parkway,7/10/1969
Cathie,Malkin,Tressa,tmalkin7x@nbcnews.com,Female,Portugal,Viseu,6059 Paget Trail,4/15/1991
Lew,Spavins,Ignazio,ispavins7y@stanford.edu,Male,China,,96 Monterey Center,10/26/1990
Link,Beardmore,Brocky,bbeardmore7z@shutterfly.com,Male,Philippines,,8 Kinsman Pass,10/1/1980
Jammal,Jarvie,Shannan,sjarvie80@hhs.gov,Male,United States,Pennsylvania,1 Rigney Terrace,7/13/2000
Ashly,Peealess,Cherye,cpeealess81@printfriendly.com,Female,Russia,,5402 Bartelt Alley,8/8/1987
Derril,Delacourt,Skyler,sdelacourt82@google.com.hk,Male,Finland,,69 Kinsman Crossing,10/16/1991
Maximilianus,Gapper,Ennis,egapper83@a8.net,Male,Indonesia,,7 Jenifer Plaza,4/12/1995
Abbe,Torbet,Ameline,atorbet84@chronoengine.com,Female,China,,19741 Ridgeway Crossing,6/19/1961
Rockey,Duffett,Binni,bduffett85@google.com.au,Bigender,Canada,Saskatchewan,4 Forest Dale Park,5/22/1997
Alexine,Hansley,Isahella,ihansley86@webmd.com,Female,Indonesia,,3855 Warrior Trail,1/28/1998
Othilia,Topham,Dore,dtopham87@pen.io,Female,China,,17 Garrison Road,6/2/1960
Fae,Extance,Andra,aextance88@de.vu,Female,Peru,,4 Caliangt Trail,6/22/1976
Shawnee,Salerno,Cathrine,csalerno89@huffingtonpost.com,Female,Canada,Québec,398 Caliangt Trail,12/19/1983
Flem,Sandlin,Ted,tsandlin8a@who.int,Male,Indonesia,,55 Monument Alley,3/5/2001
Reilly,Lamberto,Dominic,dlamberto8b@japanpost.jp,Male,Colombia,,111 Havey Junction,4/2/1990
Harlen,Dahlen,Adria,adahlen8c@army.mil,Polygender,France,Provence-Alpes-Côte d'Azur,51246 Clyde Gallagher Street,4/25/1990
Ruggiero,Abad,Winifield,wabad8d@joomla.org,Male,Russia,,88111 Vera Place,3/11/1968
Terry,Ades,Aylmar,aades8e@marketwatch.com,Male,Ukraine,,74380 Atwood Hill,6/13/1997
Barnebas,Floyed,Burty,bfloyed8f@eepurl.com,Male,Indonesia,,0297 Melvin Avenue,9/21/1977
Marchelle,Scobie,Alicia,ascobie8g@earthlink.net,Female,China,,90990 Southridge Drive,2/28/1972
Eugen,Rizzardini,Laney,lrizzardini8h@hao123.com,Male,China,,36 Russell Pass,8/28/1995
Phillie,Nestle,Katrinka,knestle8i@meetup.com,Genderfluid,China,,99024 Swallow Drive,1/31/1961
Lockwood,Hartas,Ben,bhartas8j@ning.com,Male,Ukraine,,97 Almo Parkway,8/3/1975
Meg,Canellas,Lilias,lcanellas8k@google.es,Female,Greece,,8111 Quincy Junction,6/1/1998
Estell,Avann,Wendi,wavann8l@sogou.com,Female,Russia,,2 Lien Lane,5/24/1987
Pierre,Attenburrow,Brnaby,battenburrow8m@google.ca,Male,Indonesia,,38 Atwood Lane,3/30/2002
Mead,Otterwell,Hyacinthie,hotterwell8n@surveymonkey.com,Polygender,Poland,,24 Glacier Hill Pass,6/24/1985
Tabitha,Whitemarsh,Glynnis,gwhitemarsh8o@phpbb.com,Female,Philippines,,8 Kim Point,1/16/1982
Adria,Dotson,Jackie,jdotson8p@elegantthemes.com,Polygender,Indonesia,,4 Pawling Road,12/14/1960
Annabell,Sergean,Nikoletta,nsergean8q@who.int,Female,Russia,,67178 Tennessee Center,8/27/1973
Chelsey,Priddey,Arabel,apriddey8r@psu.edu,Female,Mexico,Morelos,6166 Bartelt Point,6/29/1975
Tanner,Langlands,Kingston,klanglands8s@squarespace.com,Male,Belarus,,73854 Scofield Avenue,9/6/1986
Kaspar,Daviot,Xenos,xdaviot8t@rambler.ru,Male,China,,75035 Northview Street,9/13/1978
Beverlee,Amdohr,Enriqueta,eamdohr8u@house.gov,Female,China,,3 Bluestem Court,6/22/2002
Kimbell,Nesterov,Jarid,jnesterov8v@berkeley.edu,Male,Thailand,,80 Bay Drive,12/30/1980
Caitrin,Climer,Trudy,tclimer8w@washington.edu,Female,Portugal,Vila Real,40 Merchant Alley,1/26/1997
Druci,Fortescue,Darcee,dfortescue8x@home.pl,Female,Greece,,83 Granby Center,11/20/1967
Kimberly,Liepmann,Vannie,vliepmann8y@simplemachines.org,Female,Sweden,Stockholm,836 Gina Road,9/25/2001
Corrianne,Deuss,Glenn,gdeuss8z@deviantart.com,Female,Poland,,00813 Kim Park,1/14/1998
Steffi,David,Fiorenze,fdavid90@comsenz.com,Female,Philippines,,6501 Utah Way,3/17/1964
Any,Dilawey,Matt,mdilawey91@fc2.com,Male,Philippines,,2415 Alpine Place,7/28/1966
Constantino,Yakushkev,Alejoa,ayakushkev92@amazon.co.jp,Bigender,Portugal,Portalegre,9 Onsgard Avenue,8/26/1994
Joan,Garrold,Kore,kgarrold93@virginia.edu,Female,China,,5 Hanson Pass,9/26/1986
Jessika,Bowkley,Ethyl,ebowkley94@unc.edu,Female,Philippines,,3620 Carioca Alley,10/29/1986
Ninette,Templman,Genevra,gtemplman95@blogger.com,Female,Russia,,51764 Banding Circle,11/20/2000
Sandra,Kenny,Shandee,skenny96@virginia.edu,Female,China,,32446 Pine View Street,2/18/1978
Yevette,Massingberd,Celia,cmassingberd97@blogger.com,Female,United States,New York,91 Ramsey Junction,2/16/1983
Lammond,Plaschke,Wayne,wplaschke98@hibu.com,Male,Indonesia,,205 Oxford Alley,12/14/1982
Anna-diana,Mc Harg,Valery,vmcharg99@istockphoto.com,Female,Sri Lanka,,1 Vernon Parkway,3/3/2003
Chadwick,Leitch,Damien,dleitch9a@blinklist.com,Male,China,,300 Badeau Lane,2/21/2000
Tito,Rabley,Wilbur,wrabley9b@eepurl.com,Male,Ireland,,37 Red Cloud Street,5/17/1980
Cyrill,Cruddas,Wylie,wcruddas9c@cdbaby.com,Male,Benin,,5782 Crescent Oaks Court,6/9/1989
Vernen,Pidgley,Teodoro,tpidgley9d@ameblo.jp,Male,Chile,,4 Debs Circle,10/22/1992
Ailis,Tointon,Jenda,jtointon9e@pinterest.com,Female,Philippines,,9 Hooker Crossing,4/10/1988
Dirk,Butterfint,Dolf,dbutterfint9f@technorati.com,Male,Tanzania,,35 Saint Paul Point,2/24/1986
Barbabas,Dansey,Brady,bdansey9g@craigslist.org,Male,Philippines,,66023 Manufacturers Road,10/26/1967
Malena,Plunket,Riva,rplunket9h@behance.net,Female,Brazil,,0 Spenser Alley,12/24/1973
Stephi,Sowray,Georgena,gsowray9i@sciencedirect.com,Female,Belarus,,7 Spohn Avenue,2/11/1987
Roxie,Labrenz,Eadith,elabrenz9j@g.co,Female,Poland,,10 Graceland Hill,5/23/1991
Basilio,Le Sieur,Jerrome,jlesieur9k@behance.net,Male,Italy,Toscana,72 Trailsway Drive,3/21/1976
Noni,Senussi,Cherilyn,csenussi9l@mit.edu,Female,China,,41 Hudson Alley,9/17/1965
Ava,De Ruel,Babbie,bderuel9m@ezinearticles.com,Female,Brazil,,3 Mallory Junction,2/25/2004
Orlando,Di Biagi,Oberon,odibiagi9n@yahoo.com,Male,Denmark,Region Hovedstaden,13426 Kim Terrace,11/7/1962
Levin,Tethacot,Hieronymus,htethacot9o@a8.net,Male,Philippines,,93 Jackson Place,2/21/1997
Aymer,Gwilliam,Dallas,dgwilliam9p@redcross.org,Male,Morocco,,2935 Prairieview Lane,10/22/1993
Letty,Largent,Silvana,slargent9q@zimbio.com,Genderqueer,Ireland,,6810 Cherokee Road,3/10/1973
Lulita,Cowope,Celine,ccowope9r@gmpg.org,Female,Netherlands,Provincie Noord-Brabant,532 Express Way,9/3/1977
Maryjane,Spinnace,Julianne,jspinnace9s@patch.com,Female,Mali,,096 Almo Place,6/3/1973
Ugo,Simakov,Culver,csimakov9t@cmu.edu,Male,Ghana,,19366 Hauk Parkway,3/9/1976
Cody,Kliemchen,Charisse,ckliemchen9u@bandcamp.com,Genderqueer,Dominican Republic,,75 Nova Point,9/10/1980
Dolf,Rengger,Calvin,crengger9v@washington.edu,Male,Russia,,09 Graedel Pass,8/5/1997
Gerardo,Hinge,Hillard,hhinge9w@unc.edu,Male,Philippines,,62338 Northland Place,7/9/1982
Stacey,Krollman,Lyssa,lkrollman9x@nyu.edu,Female,Brazil,,16967 Ilene Street,10/19/1988
Jeffy,Lindup,Kalvin,klindup9y@wunderground.com,Male,Indonesia,,9704 Dwight Way,12/14/1983
Rudie,Safe,Shermy,ssafe9z@webs.com,Male,Portugal,Santarém,61 Vermont Circle,4/30/1967
Lenci,Evetts,Blane,bevettsa0@goo.gl,Male,China,,11 Ludington Street,5/5/1967
Denny,Dagg,Sephira,sdagga1@wix.com,Female,Lithuania,,080 Montana Trail,2/11/1992
Archer,McCrudden,Niel,nmccruddena2@economist.com,Male,Indonesia,,6 Warner Center,7/11/1972
Nanni,Scrammage,Cosette,cscrammagea3@noaa.gov,Female,Honduras,,60428 Elka Junction,3/22/2002
Benjamen,Scones,Isak,isconesa4@webmd.com,Male,China,,24770 Bonner Center,4/27/1977
Drucie,Farlow,Maisie,mfarlowa5@ibm.com,Female,Czech Republic,,7 Talisman Parkway,3/10/2004
Ludvig,Crisp,Vance,vcrispa6@guardian.co.uk,Male,Philippines,,6 Almo Avenue,12/31/1992
Wilmar,oldey,Warner,woldeya7@ovh.net,Male,Serbia,,24972 Pierstorff Terrace,10/10/1993
Hortense,Cobby,Trescha,tcobbya8@cyberchimps.com,Female,Switzerland,Canton de Genève,44 Spaight Trail,4/9/1961
Bennett,Given,Courtnay,cgivena9@multiply.com,Male,China,,20638 School Hill,12/17/1988
Deeyn,Bensley,Brigit,bbensleyaa@wikipedia.org,Female,China,,59486 Clyde Gallagher Parkway,8/17/1979
Zebadiah,Bread,Adrian,abreadab@godaddy.com,Male,Greece,,3839 Glacier Hill Avenue,9/21/1996
Kristi,Annes,Cosette,cannesac@mediafire.com,Female,China,,7878 Boyd Drive,4/20/1983
Aretha,Frontczak,Luciana,lfrontczakad@typepad.com,Female,Russia,,99 Duke Junction,3/9/1967
Jody,Tosney,Morissa,mtosneyae@usda.gov,Female,Mongolia,,1989 Namekagon Center,9/2/1965
Elvis,Gant,Florina,fgantaf@google.com.au,Agender,Greece,,5 Kedzie Center,10/22/1977
Andrew,Bonevant,Christos,cbonevantag@desdev.cn,Male,Russia,,29 Kings Alley,9/13/1961
Netty,McMichael,Marabel,mmcmichaelah@xing.com,Female,Angola,,645 South Plaza,11/12/1972
Vilma,Shimwall,Melita,mshimwallai@princeton.edu,Female,Mali,,7494 Lunder Junction,11/12/1971
Odell,Bairnsfather,Sergei,sbairnsfatheraj@reverbnation.com,Male,Poland,,72820 Browning Crossing,1/25/1974
Etta,Boulds,Alvira,abouldsak@zimbio.com,Female,Russia,,85996 Kropf Pass,7/9/1989
Jared,Magill,Jimmie,jmagillal@dmoz.org,Male,Russia,,3 1st Pass,5/7/1984
Talbot,Stalf,Free,fstalfam@prlog.org,Male,Portugal,Viana do Castelo,368 Butterfield Junction,1/14/1989
Alfred,Passey,Joshua,jpasseyan@nps.gov,Male,China,,385 Glacier Hill Junction,5/21/1971
Kath,Brownsworth,Patsy,pbrownsworthao@clickbank.net,Female,Central African Republic,,6470 Butternut Avenue,6/20/1987
Marlin,O'Collopy,Maurise,mocollopyap@printfriendly.com,Male,Gambia,,85151 Merchant Trail,9/23/1985
Sterne,Jaquemar,Emery,ejaquemaraq@yale.edu,Male,China,,0 Kensington Alley,2/23/1981
Peggy,Crampin,Rosalia,rcrampinar@friendfeed.com,Female,Malaysia,Kuala Lumpur,2 Surrey Point,10/29/1993
Ebony,MacIlurick,Dorita,dmacilurickas@statcounter.com,Female,Russia,,55363 Grasskamp Parkway,8/26/1975
Efrem,Fowgies,Consalve,cfowgiesat@wikipedia.org,Male,Russia,,7074 Maple Trail,3/9/1994
Percy,Garralts,Nico,ngarraltsau@seattletimes.com,Male,Colombia,,883 Bobwhite Alley,3/16/1968
Taber,Nunson,Codie,cnunsonav@census.gov,Male,China,,45226 Myrtle Crossing,3/2/1999
Sinclair,Tildesley,Broddie,btildesleyaw@seesaa.net,Male,China,,1616 Logan Court,2/25/2005
Theodor,Luckhurst,Mattie,mluckhurstax@hatena.ne.jp,Male,China,,731 Lunder Terrace,5/24/1992
Kathryne,Sweatman,Lorelei,lsweatmanay@ihg.com,Female,Vietnam,,50 Vernon Terrace,11/3/1981
Ari,Andrelli,Norbert,nandrelliaz@weibo.com,Male,China,,85348 Oak Way,11/28/1977
Elbertine,Ronchka,Rodolph,rronchkab0@wordpress.org,Genderfluid,Brazil,,742 Center Court,10/9/1969
Ravi,Freeth,Garik,gfreethb1@webeden.co.uk,Male,Cameroon,,354 Iowa Crossing,4/3/1972
Diane,MacKegg,Merrili,mmackeggb2@bing.com,Female,Philippines,,97 Artisan Center,2/21/1968
Mahmud,Bulle,Weston,wbulleb3@oakley.com,Male,South Korea,,83 Dwight Crossing,5/27/1960
Juliette,Penketh,Addie,apenkethb4@google.co.uk,Agender,China,,79819 Esker Crossing,7/18/1976
Caty,Magowan,Alica,amagowanb5@furl.net,Female,Latvia,,61 Farmco Plaza,3/25/1989
Rick,Lissemore,Arri,alissemoreb6@xing.com,Male,Colombia,,1730 Buell Lane,8/18/1973
Cthrine,Vaux,Legra,lvauxb7@ustream.tv,Female,Indonesia,,75 Miller Hill,7/17/1969
Lynda,Romanelli,Konstanze,kromanellib8@ask.com,Female,Pakistan,,69 Lukken Junction,1/19/1977
Davin,Luetkemeyer,Alejandro,aluetkemeyerb9@liveinternet.ru,Male,Argentina,,416 Scoville Parkway,3/1/1995
Mattie,Freathy,Cassie,cfreathyba@aboutads.info,Male,Philippines,,677 International Pass,1/2/1990
Randy,Hosby,Adora,ahosbybb@facebook.com,Female,Argentina,,57 Summit Pass,1/28/1961
Georas,Shorland,Marika,mshorlandbc@woothemes.com,Polygender,China,,926 Butternut Park,5/5/2001
Lyndell,Kearns,Zahara,zkearnsbd@upenn.edu,Female,Croatia,,4960 Hallows Parkway,3/2/1982
Yardley,Whines,Alberto,awhinesbe@gnu.org,Male,Philippines,,1 Heffernan Junction,4/27/1998
Bailey,Alibone,Meade,malibonebf@webnode.com,Male,Cameroon,,0850 Rieder Park,2/7/1987
Bradly,Roon,Odell,oroonbg@craigslist.org,Male,Philippines,,53070 Green Plaza,2/23/1969
Benoit,Heims,Garrik,gheimsbh@dion.ne.jp,Male,China,,823 Weeping Birch Center,10/27/1980
Dasie,Plomer,Gerard,gplomerbi@surveymonkey.com,Agender,Mauritius,,1653 Lerdahl Crossing,4/10/1991
Reba,Peyto,Lonnie,lpeytobj@phoca.cz,Female,Belarus,,409 Center Street,12/1/1970
Janice,Gott,Vittoria,vgottbk@nsw.gov.au,Female,Portugal,Setúbal,943 Menomonie Alley,9/11/1999
Jarrid,Dovington,Yankee,ydovingtonbl@cyberchimps.com,Male,China,,52334 Schurz Park,10/12/1992
Cello,Crotty,Claybourne,ccrottybm@tamu.edu,Male,Madagascar,,9431 Haas Road,6/2/1993
Kevan,Grandison,Gifford,ggrandisonbn@pcworld.com,Male,Lithuania,,31264 Stang Way,7/20/1984
Milty,Pavis,Lennard,lpavisbo@hugedomains.com,Male,China,,866 Lighthouse Bay Pass,11/21/1966
Royal,Champe,Garrick,gchampebp@squarespace.com,Male,Argentina,,02039 Autumn Leaf Place,8/17/1968
Pooh,Lauret,Isador,ilauretbq@gravatar.com,Male,Iran,,05 Sheridan Pass,10/8/2001
Shelden,Ayars,Hercules,hayarsbr@buzzfeed.com,Male,Japan,,3 Granby Pass,4/18/1979
Nicoli,Bernardi,Shanna,sbernardibs@hexun.com,Female,Indonesia,,462 7th Park,11/16/2001
Langston,Willerstone,Orlando,owillerstonebt@bloglines.com,Male,Indonesia,,35 Carberry Alley,1/18/1996
Bjorn,Mollin,Eb,emollinbu@yelp.com,Male,Brazil,,026 Carberry Avenue,1/7/1982
Marv,Huggons,Yancy,yhuggonsbv@netlog.com,Male,France,Aquitaine,3 Hallows Way,9/2/2000
Zed,Cypler,Brocky,bcyplerbw@bbb.org,Male,Venezuela,,7890 Anhalt Alley,10/19/1975
Mohandis,Grinaway,Claudian,cgrinawaybx@weather.com,Male,Philippines,,48 Fairfield Point,11/18/1995
Tatiania,Seymark,Josh,jseymarkby@discovery.com,Bigender,Indonesia,,85924 Continental Place,4/25/1969
Deni,Benton,Zora,zbentonbz@jalbum.net,Female,Indonesia,,212 Coleman Street,2/27/1976
Rubie,Bredbury,Kaila,kbredburyc0@nba.com,Female,United States,New York,970 Meadow Valley Pass,8/31/1987
Ker,Whyke,Arte,awhykec1@last.fm,Male,Afghanistan,,54883 Sullivan Street,1/11/2000
Saloma,Steedman,Gabey,gsteedmanc2@example.com,Female,Brazil,,8 Carpenter Drive,7/16/1965
Lyndsay,Mickleborough,Bevan,bmickleboroughc3@nydailynews.com,Non-binary,China,,46 Packers Avenue,3/2/1986
Raleigh,De Filippo,Sid,sdefilippoc4@alibaba.com,Bigender,Russia,,34 Arrowood Point,11/6/1987
Miran,Kalinowsky,Misty,mkalinowskyc5@smh.com.au,Female,Greece,,86495 American Ash Terrace,3/9/2004
Carree,Guise,Noelani,nguisec6@diigo.com,Female,Indonesia,,05 Rusk Alley,3/28/1992
Alfreda,Grog,Belita,bgrogc7@ftc.gov,Female,Argentina,,276 Welch Trail,9/9/1995
Berkly,Sibbs,Kimbell,ksibbsc8@sogou.com,Male,Portugal,Aveiro,57 Superior Alley,1/21/1968
Erika,Lauthian,Umeko,ulauthianc9@ocn.ne.jp,Female,Indonesia,,2772 Daystar Way,5/31/2003
Dave,Perrat,Bertrand,bperratca@mediafire.com,Male,China,,0456 Kropf Road,12/2/1981
Barnie,Bramall,Kelbee,kbramallcb@arstechnica.com,Polygender,Poland,,672 Hovde Road,9/30/1981
Ed,Beazer,Jeramie,jbeazercc@mac.com,Male,Indonesia,,7913 Bayside Parkway,11/19/1960
Berget,Alyutin,Angelle,aalyutincd@usa.gov,Female,Russia,,0 Nancy Plaza,7/4/1997
Sunny,Sterman,Reyna,rstermance@cbc.ca,Female,China,,9 Elka Street,9/8/1963
Ruthi,Sibbit,Clementia,csibbitcf@etsy.com,Female,Liberia,,9153 Marquette Plaza,9/4/1972
Konstanze,Beviss,Amalee,abevisscg@google.ca,Female,Libya,,93674 Coolidge Point,5/13/1982
Nicky,MacClay,Dal,dmacclaych@infoseek.co.jp,Male,Philippines,,46 7th Lane,5/14/1988
Nikki,Gotecliffe,George,ggotecliffeci@homestead.com,Male,Malaysia,Kelantan,10061 Pepper Wood Terrace,5/23/1994
Ed,Gisborne,Mikel,mgisbornecj@marketwatch.com,Polygender,Russia,,665 Evergreen Alley,11/17/2002
Filide,Loveitt,Bernadina,bloveittck@i2i.jp,Female,Canada,Québec,4079 Granby Hill,7/31/1963
Gaby,Wash,Chantal,cwashcl@soundcloud.com,Female,Mozambique,,9743 Starling Drive,10/19/2002
Fenelia,Orton,Kirstin,kortoncm@ca.gov,Genderfluid,Dominican Republic,,2 Pearson Point,6/19/1997
Kris,Meus,Heall,hmeuscn@clickbank.net,Male,China,,1 Lerdahl Pass,1/3/1988
Cynthia,Bartali,Romola,rbartalico@privacy.gov.au,Female,Ukraine,,17 Forster Road,9/18/1965
Chere,Abell,Gay,gabellcp@simplemachines.org,Polygender,Bulgaria,,884 Merchant Court,7/8/1984
Ilka,Wedderburn,Sile,swedderburncq@a8.net,Female,Kazakhstan,,51792 Elgar Lane,10/14/2003
Malia,Spellacy,Elyssa,espellacycr@webeden.co.uk,Female,Honduras,,693 Carey Street,9/25/1978
Othella,Blankenship,Lenna,lblankenshipcs@gov.uk,Female,Uruguay,,528 Eastlawn Road,1/28/1967
Sebastian,Pasek,Cammy,cpasekct@amazon.co.uk,Male,Morocco,,39623 Hanover Crossing,11/17/1972
Gavrielle,Andrys,Lyndsay,landryscu@opensource.org,Female,Armenia,,23 Forest Parkway,2/27/1965
De,McDermott,Vivien,vmcdermottcv@utexas.edu,Female,Indonesia,,1460 Portage Junction,12/19/1978
Fletcher,Gabbatiss,Jasen,jgabbatisscw@tinypic.com,Male,China,,12028 Gulseth Place,5/26/1989
Pepillo,Terris,Niels,nterriscx@wikia.com,Male,Peru,,606 Shelley Road,6/5/1970
Kailey,Woodman,Minnaminnie,mwoodmancy@nytimes.com,Female,Brazil,,344 Surrey Point,6/30/1996
Rodrigo,Devonside,Austen,adevonsidecz@rambler.ru,Male,Indonesia,,26 Monterey Park,5/28/2004
Vitoria,Leggen,Tiff,tleggend0@spiegel.de,Female,Mexico,Puebla,4941 Raven Way,10/8/1995
Wang,Korn,Barret,bkornd1@reddit.com,Male,Pakistan,,02 Montana Alley,10/29/1961
Cully,Greaser,Ambrose,agreaserd2@meetup.com,Male,Indonesia,,072 7th Circle,7/1/2001
Lincoln,Handrock,Raymund,rhandrockd3@google.co.jp,Male,Thailand,,07202 Eagan Circle,6/27/1992
Reuven,Sollowaye,Reginauld,rsollowayed4@imageshack.us,Male,Vietnam,,13 Thackeray Place,8/7/2003
Hillier,Parsand,Cobbie,cparsandd5@china.com.cn,Polygender,Palestinian Territory,,190 Jackson Center,5/25/1998
Lenee,Baty,Friederike,fbatyd6@storify.com,Female,Indonesia,,56 Golf View Drive,11/5/1980
Sonya,Balchen,Rani,rbalchend7@simplemachines.org,Female,Kazakhstan,,701 Shoshone Place,10/31/1980
Avrom,Mulbry,Fair,fmulbryd8@blinklist.com,Male,Serbia,,6 Columbus Street,8/4/1963
Silvester,Every,Clywd,ceveryd9@shinystat.com,Male,China,,0732 Kingsford Way,10/19/1966
Katharina,Konert,Amelia,akonertda@aboutads.info,Female,China,,26 Erie Point,12/3/1971
Nanci,Henkens,Catharina,chenkensdb@diigo.com,Female,Indonesia,,9 Lake View Road,4/25/1961
Sadye,Woolvett,Marilin,mwoolvettdc@bloomberg.com,Female,Indonesia,,4974 High Crossing Park,11/9/1962
Bent,Joust,Alvie,ajoustdd@si.edu,Polygender,Thailand,,2442 Debra Drive,6/12/1962
Drusilla,Chasier,Teresita,tchasierde@quantcast.com,Female,Philippines,,1 Dwight Court,8/31/1982
Andriana,Raulston,Koo,kraulstondf@fc2.com,Female,Argentina,,9 Fordem Plaza,12/17/2001
Weston,Cribbott,Shalom,scribbottdg@privacy.gov.au,Male,Russia,,5 Nelson Street,9/7/1964
Atlante,Mateev,Corinna,cmateevdh@oakley.com,Female,China,,36 Stone Corner Circle,5/7/1974
Frasier,Kliement,Lorin,lkliementdi@deliciousdays.com,Male,China,,9 Eagan Avenue,8/10/1988
Fay,Trank,Madelin,mtrankdj@java.com,Non-binary,China,,6 Coleman Pass,9/26/1976
Roberta,Embery,Emalee,eemberydk@themeforest.net,Female,China,,2 1st Park,7/13/1960
Jeanne,Ellis,Ronny,rellisdl@usgs.gov,Female,United States,Nebraska,5218 Melvin Circle,10/23/2000
Mariquilla,Trees,Elnore,etreesdm@51.la,Female,Azerbaijan,,69 Independence Center,1/12/1967
Stacy,Palatini,Hetti,hpalatinidn@bandcamp.com,Female,Indonesia,,20419 Holmberg Alley,10/20/1969
Inglebert,Vivians,Cale,cviviansdo@uiuc.edu,Non-binary,Madagascar,,942 Hudson Crossing,10/27/1987
Demetrius,Gregh,Emmy,egreghdp@ask.com,Male,China,,60022 Hoard Alley,5/18/2000
Bastien,Dmitrienko,Dylan,ddmitrienkodq@state.tx.us,Male,Brazil,,35 Manitowish Street,11/27/1999
Hallsy,Landrieu,Lothaire,llandrieudr@mapquest.com,Male,China,,6 Maywood Alley,7/13/1975
Corabelle,Dodwell,Rafaela,rdodwellds@mtv.com,Female,China,,5 Reinke Alley,9/18/1998
Darsey,Normanvill,Janet,jnormanvilldt@youtube.com,Female,Gambia,,404 Bay Circle,8/7/1974
Husain,Krzyzanowski,Glen,gkrzyzanowskidu@networksolutions.com,Male,Poland,,35214 Ronald Regan Pass,7/19/1992
Carrie,Rispen,Letisha,lrispendv@csmonitor.com,Female,Indonesia,,894 3rd Lane,6/9/1979
Lainey,Roxburgh,Odetta,oroxburghdw@edublogs.org,Female,China,,64140 International Circle,11/17/1975
Rois,Jakoviljevic,Nellie,njakoviljevicdx@instagram.com,Female,Greece,,7 Nancy Pass,8/28/1992
Lynn,Tiller,Haslett,htillerdy@geocities.com,Male,Thailand,,942 Stoughton Crossing,7/11/1992
Danny,Kachel,Patsy,pkacheldz@dailymail.co.uk,Male,Jordan,,96 Mesta Way,2/17/1976
Madelene,Parmby,Bebe,bparmbye0@wikimedia.org,Female,Paraguay,,759 Sundown Pass,11/10/1993
Ernst,Calderbank,Stearn,scalderbanke1@wsj.com,Male,Kazakhstan,,0463 Nancy Pass,5/25/1980
Victoir,Greenroad,Matteo,mgreenroade2@e-recht24.de,Male,Poland,,7 Kings Junction,3/25/1991
Ardys,Semon,Kaela,ksemone3@sina.com.cn,Female,Brazil,,20930 Golf View Junction,10/29/1989
Dominica,Kilbourn,Malva,mkilbourne4@skype.com,Female,China,,8 Southridge Avenue,10/31/1965
Cicely,Byre,Opalina,obyree5@ucoz.com,Female,Azerbaijan,,51 Pine View Point,5/31/1992
Gilberto,Albiston,Horatio,halbistone6@whitehouse.gov,Male,Norway,Vest-Agder,7090 Ridge Oak Park,1/25/1968
Abe,Mulryan,Northrup,nmulryane7@bluehost.com,Male,Indonesia,,2281 Valley Edge Drive,7/4/1993
Blane,Santon,Shea,ssantone8@angelfire.com,Male,Brazil,,152 Susan Junction,3/21/1992
Tommy,Gomersal,Christel,cgomersale9@topsy.com,Female,Argentina,,60 Oneill Plaza,7/15/1996
Benedick,Bedford,Lucas,lbedfordea@washington.edu,Male,China,,7 Crescent Oaks Court,7/24/1962
Hewett,Cleland,Hewie,hclelandeb@gizmodo.com,Agender,Philippines,,3 Continental Terrace,6/18/1962
Patricio,Colmer,Ted,tcolmerec@purevolume.com,Male,Paraguay,,2 Bobwhite Plaza,1/12/2005
Harvey,Lesper,Tymothy,tlespered@netscape.com,Male,Finland,,20 Clyde Gallagher Drive,9/9/1966
Sarene,Halse,Cissiee,chalseee@about.com,Female,Indonesia,,1 Scoville Circle,4/11/1969
Hughie,Cattow,Dick,dcattowef@yahoo.com,Male,Indonesia,,9 North Avenue,10/23/1998
Haven,Fidock,Dewie,dfidockeg@netlog.com,Male,Venezuela,,46 Lake View Street,8/24/1986
Corbet,Scheu,Shepard,sscheueh@pinterest.com,Male,Uganda,,2901 Randy Circle,4/29/2001
Ashton,Cartmill,Bartie,bcartmillei@uiuc.edu,Male,Ukraine,,6156 John Wall Avenue,12/24/1966
Aurelia,Janicijevic,Gilda,gjanicijevicej@lycos.com,Female,Indonesia,,7 Bellgrove Place,11/17/1985
Winona,Pre,Carson,cpreek@mapquest.com,Polygender,Ukraine,,7517 Monument Road,8/20/1963
Veronika,Le Sieur,Jammie,jlesieurel@apple.com,Female,Indonesia,,9 School Drive,10/30/1995
Riobard,Ellesworth,Tom,tellesworthem@cbslocal.com,Male,Greece,,590 John Wall Court,10/30/1978
Davide,Kervin,Baillie,bkervinen@fema.gov,Male,Indonesia,,10655 Roth Plaza,2/20/1979
Joycelin,Shilstone,Ingunna,ishilstoneeo@woothemes.com,Female,Thailand,,4413 Parkside Drive,8/2/1980
Sawyer,Ashard,Galven,gashardep@amazon.co.jp,Genderfluid,Poland,,6533 Waywood Center,3/2/1993
Maryjane,Minillo,Meade,mminilloeq@4shared.com,Female,Indonesia,,12 Katie Pass,9/27/1986
Christean,Piscopello,Stace,spiscopelloer@last.fm,Female,Dominican Republic,,2694 Tony Pass,4/28/2002
Shurlocke,Cholonin,Frasco,fcholonines@people.com.cn,Male,Uganda,,2 Karstens Parkway,1/13/1970
Bernardo,Chadwen,Jose,jchadwenet@mac.com,Male,China,,7611 Emmet Avenue,9/27/1969
Yancey,Vallens,Claudius,cvallenseu@blogs.com,Male,Indonesia,,79288 Mifflin Circle,2/6/1980
Merwin,Minto,Beau,bmintoev@simplemachines.org,Male,Venezuela,,1742 Johnson Trail,5/8/1969
Jakob,Farrar,Cozmo,cfarrarew@amazon.com,Male,Argentina,,09 John Wall Lane,2/19/1989
Kylie,Aire,Abdel,aaireex@liveinternet.ru,Male,Norway,Oslo,64307 Orin Street,10/21/1995
Hillery,Follen,Mandel,mfolleney@narod.ru,Male,Nigeria,,65 Springview Circle,5/5/1962
Jerad,McBain,Chas,cmcbainez@cdc.gov,Male,China,,25 Kim Point,9/22/1978
Banky,Casson,Dean,dcassonf0@nba.com,Male,Gambia,,5 Oakridge Hill,4/9/1993
Lillis,Hews,Augustine,ahewsf1@scribd.com,Female,Philippines,,2533 Trailsway Drive,4/21/1993
Bess,Hantusch,Gisele,ghantuschf2@baidu.com,Female,China,,79 Delladonna Street,3/29/1994
Patsy,Voden,Wiley,wvodenf3@digg.com,Male,Portugal,Porto,400 Morrow Street,6/6/1992
Noella,Pischel,Yalonda,ypischelf4@bloglovin.com,Female,Cuba,,903 5th Point,3/10/1998
Paco,Syddon,Randi,rsyddonf5@nps.gov,Male,Ivory Coast,,6558 Mockingbird Court,7/13/1975
Cordelie,Henden,Viki,vhendenf6@nifty.com,Polygender,Madagascar,,7188 Drewry Center,3/20/2003
Cash,Scholes,Hewet,hscholesf7@seesaa.net,Genderqueer,Guam,,0 Center Crossing,9/5/1992
Clim,Loseke,Dexter,dlosekef8@google.co.uk,Male,Philippines,,27363 Talmadge Park,4/23/1967
Kiah,Kiffe,Elise,ekiffef9@booking.com,Female,Mexico,Oaxaca,797 Milwaukee Street,10/5/1998
Vincents,Briereton,Zed,zbrieretonfa@china.com.cn,Male,Indonesia,,2359 Bellgrove Road,2/4/1971
Jilleen,Crankhorn,Carmelle,ccrankhornfb@hc360.com,Female,Russia,,8137 Crownhardt Parkway,11/1/1981
Alejandra,Eaken,Rosalia,reakenfc@stanford.edu,Female,Jordan,,605 Birchwood Plaza,4/21/1974
Sigismundo,Lamasna,Orland,olamasnafd@cargocollective.com,Male,Russia,,5 Warbler Crossing,12/29/1977
Skipton,Taylor,Tristam,ttaylorfe@umn.edu,Male,Portugal,Ilha do Pico,4 Manley Center,5/14/1984
Clemmie,Mummery,Lorine,lmummeryff@meetup.com,Female,United Kingdom,England,71 Center Way,12/24/1964
Blondie,Hyett,Antonella,ahyettfg@chicagotribune.com,Female,Indonesia,,306 Southridge Avenue,6/28/1991
Janeva,Nangle,Marena,mnanglefh@forbes.com,Female,Indonesia,,09509 Arizona Lane,5/15/1969
Martina,Shark,Christan,csharkfi@java.com,Female,Argentina,,9779 Golf Course Place,10/18/1988
Lester,Jerson,Asa,ajersonfj@google.pl,Male,Argentina,,03300 Southridge Junction,3/8/1986
Murvyn,Shedden,Darius,dsheddenfk@chicagotribune.com,Male,Honduras,,6 Mariners Cove Street,8/9/1978
Tamas,Penn,Huntington,hpennfl@elpais.com,Male,Kyrgyzstan,,5 Talmadge Parkway,7/1/1969
Linzy,Danielczyk,Claresta,cdanielczykfm@upenn.edu,Female,Poland,,98 Evergreen Trail,1/11/1995
Leontine,Shalcras,Ruthann,rshalcrasfn@umich.edu,Female,Cameroon,,7067 Golf View Park,1/15/1988
Jerry,Whiten,Kerstin,kwhitenfo@homestead.com,Female,Pakistan,,59205 Thierer Way,10/24/1982
Aubert,McCafferky,Jeff,jmccafferkyfp@opera.com,Male,Serbia,,42254 Linden Way,6/4/1976
Ebeneser,Kerwen,Si,skerwenfq@facebook.com,Male,Mexico,Guerrero,3003 Oak Alley,2/19/2003
Ernst,Georges,Donnell,dgeorgesfr@reference.com,Male,Mexico,Zacatecas,524 Kropf Circle,5/3/1997
Marguerite,Skerrett,Gladi,gskerrettfs@hostgator.com,Female,Indonesia,,76755 Chinook Place,3/31/1965
Bank,Amar,Yardley,yamarft@dagondesign.com,Male,Georgia,,50 Pond Avenue,6/28/1964
Bianka,Barenski,Kellina,kbarenskifu@addtoany.com,Female,United States,California,662 Crowley Crossing,11/5/1971
Eldin,Merwede,Zack,zmerwedefv@nymag.com,Male,Portugal,Lisboa,8735 Petterle Road,6/10/1970
Layton,Furber,Vittorio,vfurberfw@amazon.com,Male,Sweden,Västerbotten,9898 Emmet Way,6/5/2001
Raimundo,Adamec,Abramo,aadamecfx@bluehost.com,Male,Egypt,,7217 Sunfield Road,6/5/1981
Helga,Desporte,Evey,edesportefy@multiply.com,Female,Indonesia,,566 Buena Vista Junction,4/18/1985
Rickert,Burcombe,Aylmer,aburcombefz@jiathis.com,Male,Indonesia,,4049 Union Pass,4/23/1988
Malachi,Ahrens,Jarrad,jahrensg0@redcross.org,Male,Portugal,Faro,03 Dawn Terrace,5/18/1974
Carmela,Armand,Ursuline,uarmandg1@theglobeandmail.com,Female,Russia,,9443 Springs Court,10/18/1985
Starla,Lafont,Blakeley,blafontg2@ft.com,Female,China,,42 Rowland Alley,3/2/1979
Quill,Tiddy,Herby,htiddyg3@example.com,Male,United States,Tennessee,51539 Fair Oaks Plaza,9/22/1971
Berry,Pyper,Lorette,lpyperg4@exblog.jp,Female,Finland,,6672 Thompson Terrace,8/21/1962
Valery,Towl,Sianna,stowlg5@fda.gov,Female,China,,4 Roth Court,6/9/1972
Steve,Lamar,Town,tlamarg6@bing.com,Male,Brazil,,662 Washington Terrace,3/24/1975
Emmery,Wiltsher,Talia,twiltsherg7@indiegogo.com,Non-binary,Egypt,,392 Myrtle Terrace,6/9/1966
Denise,Weiser,Perrine,pweiserg8@sogou.com,Female,Russia,,2 Nevada Crossing,6/17/1965
Husain,Parcall,Reg,rparcallg9@spotify.com,Male,China,,37 Jana Trail,4/11/1995
Daria,Pickburn,Krista,kpickburnga@dot.gov,Female,Indonesia,,7126 Starling Terrace,10/13/1991
Austin,Johncey,Minor,mjohnceygb@yolasite.com,Male,Russia,,8 Brickson Park Park,7/9/2000
Burton,Kerslake,Saleem,skerslakegc@mozilla.com,Male,China,,952 Dottie Road,7/18/1990
Jaclin,Maxworthy,Lisha,lmaxworthygd@oracle.com,Female,China,,6844 Corben Pass,10/22/1963
Misha,Duffit,Odie,oduffitge@github.com,Non-binary,Thailand,,00110 Erie Drive,5/30/1969
Benjamin,Mollett,Luigi,lmollettgf@sohu.com,Agender,Thailand,,53961 Ohio Place,7/1/1989
Malia,Deadman,Marlyn,mdeadmangg@nifty.com,Female,Norway,Oslo,6 Moulton Alley,7/11/1975
Joeann,Willas,Odelinda,owillasgh@ycombinator.com,Female,Bangladesh,,46066 Pond Parkway,9/30/1966
Frans,Tante,Brennen,btantegi@creativecommons.org,Male,Russia,,66 Pennsylvania Drive,11/21/1989
Anetta,Haggis,Annadiana,ahaggisgj@yellowbook.com,Female,Indonesia,,4654 Sundown Street,10/12/1985
Emelen,Coppledike,Yehudit,ycoppledikegk@networksolutions.com,Male,China,,48892 Buell Way,1/6/1975
Kathryn,Stiggles,Konstance,kstigglesgl@360.cn,Female,Poland,,3894 Boyd Court,4/2/1973
Olympie,Jolliff,Dot,djolliffgm@wisc.edu,Female,Peru,,4751 Surrey Road,6/3/1993
Stormi,Schultes,Esther,eschultesgn@soundcloud.com,Female,Sweden,Värmland,2100 Petterle Avenue,9/6/1972
Jodie,Codi,Rube,rcodigo@stumbleupon.com,Male,China,,45 Granby Way,10/10/1993
Fanya,Cowe,Kimbra,kcowegp@weather.com,Genderqueer,Germany,Nordrhein-Westfalen,1681 Westerfield Parkway,10/15/1971
Max,Aymer,Tootsie,taymergq@irs.gov,Female,Indonesia,,96245 Mandrake Junction,9/27/1960
Luis,Vasilevich,Yancey,yvasilevichgr@spotify.com,Male,Guatemala,,346 Westport Lane,3/11/1963
Travus,Eckhard,Linc,leckhardgs@google.fr,Male,Haiti,,21 Crescent Oaks Terrace,6/2/1965
Briggs,Peplaw,Udale,upeplawgt@stumbleupon.com,Male,China,,17 Dunning Avenue,10/26/1963
Gilemette,Mundwell,Chris,cmundwellgu@google.es,Female,Sweden,Halland,552 Oakridge Place,2/7/1964
Dionisio,Le land,Kimble,klelandgv@buzzfeed.com,Male,China,,59 Kipling Trail,3/17/2003
Evania,Danihel,Gusta,gdanihelgw@netscape.com,Female,Syria,,0501 Fairfield Park,5/13/1968
Palmer,Kuschke,Kelley,kkuschkegx@umn.edu,Male,Palestinian Territory,,4492 Hazelcrest Avenue,12/28/1979
Anastasia,Quartermaine,Marcelo,mquartermainegy@weather.com,Genderqueer,China,,7879 Crescent Oaks Park,2/9/1986
Cort,O'Grady,Packston,pogradygz@oakley.com,Male,United States,New York,6 Hansons Terrace,6/16/1970
Adriane,Sneezem,Jennifer,jsneezemh0@arstechnica.com,Female,Peru,,1 Scoville Pass,1/20/1969
Marys,Chaunce,Marci,mchaunceh1@si.edu,Female,China,,899 Crownhardt Plaza,5/17/1991
Oliy,Brant,Amelie,abranth2@bluehost.com,Genderfluid,Nepal,,727 Golf View Plaza,4/12/1987
Gerhardine,MacDunlevy,Griffith,gmacdunlevyh3@xinhuanet.com,Genderfluid,Czech Republic,,313 Vera Drive,2/2/1993
Cooper,Munday,Freeland,fmundayh4@vimeo.com,Male,Indonesia,,546 Rieder Crossing,8/28/1974
Ricard,Wartnaby,Benjie,bwartnabyh5@tamu.edu,Male,Poland,,5902 Forest Avenue,2/17/1966
Jory,Sprigin,Neddy,nspriginh6@dagondesign.com,Male,China,,53011 Rutledge Street,8/2/2004
Adriane,McKelvie,Karol,kmckelvieh7@linkedin.com,Female,China,,1 Brentwood Place,2/27/1975
Woodrow,Grahlman,Gustavus,ggrahlmanh8@wunderground.com,Male,Indonesia,,05481 Iowa Alley,6/12/1975
Kissee,Keeves,Renell,rkeevesh9@mapy.cz,Female,China,,54 American Center,11/25/1983
Emmy,Katz,Cordie,ckatzha@census.gov,Male,Indonesia,,82 Hoepker Drive,3/23/1988
Fitzgerald,Dearness,Dale,ddearnesshb@ow.ly,Male,China,,0088 Milwaukee Plaza,5/9/1963
Pammi,Cogan,Lorne,lcoganhc@liveinternet.ru,Female,United States,Wisconsin,093 Basil Hill,1/4/2003
Bev,Balchin,Jefferey,jbalchinhd@hatena.ne.jp,Male,Greece,,672 Haas Park,10/24/1983
Marice,Cowing,Cindie,ccowinghe@prlog.org,Female,China,,124 Anhalt Terrace,7/8/1974
Venita,Gilcriest,Lanae,lgilcriesthf@indiegogo.com,Female,Colombia,,682 Monterey Junction,3/28/1980
Mayer,Crewther,Felipe,fcrewtherhg@linkedin.com,Male,Philippines,,8 Brickson Park Pass,6/25/1986
Domenic,Sellars,Bruce,bsellarshh@cbsnews.com,Male,Belgium,Wallonie,439 Merrick Point,9/12/1979
Doe,Stoneham,May,mstonehamhi@shop-pro.jp,Female,Philippines,,20619 Everett Crossing,9/12/1977
Boyd,Lantaff,Jasun,jlantaffhj@epa.gov,Male,Ukraine,,310 Raven Drive,10/14/1991
Brnaba,Benedek,Page,pbenedekhk@statcounter.com,Male,El Salvador,,4298 Muir Road,7/2/1970
Bevon,Burcombe,Erek,eburcombehl@people.com.cn,Male,China,,144 Myrtle Drive,9/9/1998
Temp,Szymanowicz,Rab,rszymanowiczhm@princeton.edu,Male,Indonesia,,9 Fieldstone Point,3/28/2000
Philippe,Handford,Shanna,shandfordhn@jimdo.com,Female,Philippines,,22 Debra Center,6/30/1968
Caesar,Revance,Meade,mrevanceho@tamu.edu,Genderfluid,China,,693 Russell Junction,9/9/1972
Luigi,Brownstein,Casper,cbrownsteinhp@is.gd,Male,Indonesia,,354 Hoepker Plaza,12/22/2002
Sigismond,Cuell,Ulick,ucuellhq@51.la,Male,Benin,,5124 Sloan Trail,3/31/1970
Ty,Gillino,Dorian,dgillinohr@angelfire.com,Male,Brazil,,2922 Vahlen Circle,6/16/1978
Marthena,Paolini,Rhianon,rpaolinihs@apple.com,Female,Gabon,,09846 Texas Road,3/25/1968
Wyatan,Clementson,Francisco,fclementsonht@scribd.com,Male,China,,165 Hintze Alley,1/15/1980
Abigael,Leynton,Dina,dleyntonhu@joomla.org,Female,China,,09 Comanche Drive,5/22/1975
Marni,Plessing,Consuela,cplessinghv@weibo.com,Female,New Zealand,,1 Helena Parkway,6/13/2003
Gay,Kingswood,Hashim,hkingswoodhw@sourceforge.net,Male,Czech Republic,,95226 Sycamore Lane,5/1/1963
Jobi,Rule,Fredericka,frulehx@prnewswire.com,Female,China,,55 Myrtle Avenue,1/16/1990
Val,MacKaig,Laina,lmackaighy@wikimedia.org,Female,Czech Republic,,8069 Hauk Place,5/2/1982
Patton,Klimaszewski,Pall,pklimaszewskihz@icio.us,Male,Russia,,0 Gina Drive,9/12/1976
Hart,Spring,Curran,cspringi0@live.com,Male,Bolivia,,4957 Cardinal Lane,6/1/1965
Anatol,Zanutti,Ibrahim,izanuttii1@whitehouse.gov,Male,Russia,,8 Mccormick Crossing,6/15/1971
Matias,Blackey,Kermie,kblackeyi2@nba.com,Male,Poland,,174 Messerschmidt Court,1/28/1974
Carleton,Godridge,Alwin,agodridgei3@earthlink.net,Male,Peru,,26 Everett Circle,8/24/1966
Worthington,Castagna,Kerrill,kcastagnai4@dyndns.org,Polygender,Sweden,Dalarna,02409 Summerview Place,3/20/1969
Beatrix,Kersting,Agatha,akerstingi5@theguardian.com,Female,Norway,Hordaland,566 Merry Park,8/6/2001
Wallis,Hanham,Killian,khanhami6@newyorker.com,Male,Brazil,,2031 Trailsway Road,6/3/1966
Andreana,Letterick,Cory,clettericki7@theglobeandmail.com,Female,Sweden,Västra Götaland,769 Gerald Park,11/6/1978
Tani,Filippi,Jaime,jfilippii8@aol.com,Female,Philippines,,52 Linden Crossing,2/6/1965
Derick,Mucklow,Griffith,gmucklowi9@virginia.edu,Male,Colombia,,7 Oxford Trail,5/30/1999
Walsh,Agutter,Garvy,gagutteria@nydailynews.com,Male,Syria,,2 Bluestem Point,4/28/1988
Culley,Clemits,Yale,yclemitsib@dot.gov,Non-binary,Russia,,82716 Crest Line Lane,4/14/1966
Whitaker,Castiello,Saxon,scastielloic@skyrock.com,Male,Indonesia,,340 Blue Bill Park Parkway,10/23/1989
Shirlene,Osmint,Theodora,tosmintid@cyberchimps.com,Female,Venezuela,,8 Moland Junction,3/29/1978
Valli,Jeske,Shaun,sjeskeie@usatoday.com,Female,Argentina,,22661 Debs Alley,7/10/1973
Giraud,Beretta,Addie,aberettaif@example.com,Male,United States,New York,47 Almo Court,10/7/1967
Rog,Butlin,Ax,abutlinig@oaic.gov.au,Male,Indonesia,,960 Hudson Park,5/29/1972
Rani,Wildbore,Elle,ewildboreih@huffingtonpost.com,Agender,Peru,,86684 Morningstar Way,6/12/1998
Jaquelin,Dymidowicz,Glynda,gdymidowiczii@usda.gov,Female,Ukraine,,8939 Farragut Pass,11/16/1970
Demetri,Symson,Roddy,rsymsonij@sitemeter.com,Male,Canada,Alberta,8229 Tomscot Court,9/14/1991
Katrina,Girardi,Laurella,lgirardiik@house.gov,Female,Philippines,,38864 Arizona Center,6/13/1998
Eben,Hairsnape,Erny,ehairsnapeil@ehow.com,Male,Japan,,410 Brown Way,1/10/1987
Brietta,Walford,Parry,pwalfordim@sitemeter.com,Genderfluid,Egypt,,525 Havey Place,1/3/2001
Kippie,Palatini,Raffaello,rpalatiniin@youtu.be,Male,China,,06078 Porter Way,1/19/1978
Donni,Deabill,Junia,jdeabillio@stanford.edu,Female,Spain,Cataluna,19 Merry Terrace,7/19/1988
Hanan,MacLeod,Eliot,emacleodip@goo.ne.jp,Male,Philippines,,01 Sunnyside Plaza,7/3/1977
Bone,Adshead,Friedrich,fadsheadiq@hibu.com,Male,Tunisia,,5022 Bobwhite Junction,4/8/1985
Adrea,Crosston,Deeann,dcrosstonir@comsenz.com,Female,Japan,,0584 Bluestem Trail,8/16/1982
Briney,Danahar,Gilligan,gdanaharis@goo.ne.jp,Female,Indonesia,,20 Butterfield Parkway,8/25/1960
Devondra,Cuddihy,Louisette,lcuddihyit@nsw.gov.au,Female,Argentina,,565 Oak Valley Lane,5/10/1969
Alvina,Mealham,Brianne,bmealhamiu@sitemeter.com,Female,Indonesia,,1 Wayridge Plaza,5/13/1965
Ben,Doelle,Tadeas,tdoelleiv@elpais.com,Male,China,,63319 Dunning Point,1/19/1968
Mohandas,Fawdery,Derril,dfawderyiw@youtu.be,Male,Greece,,217 Kings Drive,7/12/1987
Clarita,Lowers,Celisse,clowersix@nifty.com,Female,Madagascar,,7 Beilfuss Point,3/11/1970
Melvyn,Brimmell,Kurt,kbrimmelliy@hud.gov,Male,Malaysia,Kelantan,547 Melrose Junction,8/31/1999
Cathrine,Linkleter,Rachelle,rlinkleteriz@java.com,Female,Indonesia,,9 Golf Course Parkway,1/31/1984
Carina,Grimsditch,Corrine,cgrimsditchj0@gnu.org,Female,Palestinian Territory,,8 Shoshone Crossing,5/13/1978
Joseph,Buard,Wat,wbuardj1@icq.com,Male,Brazil,,265 Huxley Avenue,9/24/1973
Meriel,Gurnell,Cacilie,cgurnellj2@youtube.com,Female,Poland,,067 Lillian Alley,8/17/1967
Mareah,Oriel,Gipsy,gorielj3@reverbnation.com,Female,Colombia,,8 Granby Lane,9/14/1984
Geraldine,Rockwell,Elvera,erockwellj4@exblog.jp,Female,China,,00845 Barnett Road,9/21/1971
Shannan,Habens,Saxe,shabensj5@drupal.org,Male,Indonesia,,354 Toban Court,5/19/1993
Manya,Lelliott,Addi,alelliottj6@boston.com,Female,China,,3386 Hanover Park,4/22/1994
Shellie,Kitchingham,Antonina,akitchinghamj7@addtoany.com,Female,Philippines,,436 Dixon Plaza,5/17/1967
Jordain,Mufford,Millicent,mmuffordj8@list-manage.com,Female,Russia,,99 Granby Pass,8/19/2004
Care,Meanwell,Kiley,kmeanwellj9@wikia.com,Male,Indonesia,,5 Schurz Court,7/4/1990
Xenos,Crippin,Neely,ncrippinja@rambler.ru,Genderqueer,Ethiopia,,83005 Michigan Road,3/17/1996
Nerita,Glashby,Karlene,kglashbyjb@eventbrite.com,Female,China,,035 Nelson Alley,3/11/1996
Olivero,Woollard,Myrvyn,mwoollardjc@behance.net,Male,Poland,,5 Waubesa Place,2/17/1966
Del,Fowley,Joey,jfowleyjd@icq.com,Male,Brazil,,01 Brown Hill,8/5/1978
Emmye,McGriffin,Emalee,emcgriffinje@bbb.org,Female,Sweden,Jönköping,42277 Shasta Plaza,11/4/1963
Davis,Backe,Bertie,bbackejf@wired.com,Male,Sweden,Stockholm,8401 Oak Hill,2/16/1980
Wilhelmine,Tame,Salomo,stamejg@reverbnation.com,Agender,Brazil,,2 Eliot Alley,5/31/1980
Silvana,Varty,Joyous,jvartyjh@aol.com,Female,China,,6 Southridge Pass,10/24/1994
Aurore,Cracknall,Fidelia,fcracknallji@gravatar.com,Female,Luxembourg,,7 Glacier Hill Avenue,1/26/2000
Cori,Bagg,Harbert,hbaggjj@biglobe.ne.jp,Male,France,Aquitaine,27838 Tony Terrace,10/20/1987
Reider,Anglin,Dimitri,danglinjk@ovh.net,Male,China,,9858 Oakridge Circle,3/9/2002
Silvia,Golling,Shelley,sgollingjl@timesonline.co.uk,Female,Thailand,,27 Corry Plaza,8/12/1967
Lyndsey,Kidwell,Geri,gkidwelljm@nih.gov,Female,Canada,Québec,27918 Memorial Place,5/20/1999
Lanny,Sudron,Jackie,jsudronjn@soup.io,Male,Russia,,28 David Circle,5/2/1988
Antonietta,Le Bosse,Claudette,clebossejo@ucoz.com,Female,Poland,,4539 Pearson Trail,3/13/1962
Jessica,Climson,Magda,mclimsonjp@google.com.hk,Female,France,Limousin,51 Warrior Parkway,12/20/1982
Clarke,Johnes,Holden,hjohnesjq@ehow.com,Male,Croatia,,223 Eastlawn Terrace,3/12/1970
Gage,Feronet,Terrill,tferonetjr@vinaora.com,Male,Portugal,Castelo Branco,3 Mendota Street,9/1/1960
Fitz,Wallhead,Kristopher,kwallheadjs@gizmodo.com,Male,Costa Rica,,83407 Express Pass,2/2/2001
Orly,Glen,Madelaine,mglenjt@wunderground.com,Genderqueer,Croatia,,9777 1st Parkway,8/16/2002
Lois,Muggleton,Ingaborg,imuggletonju@google.ca,Female,Czech Republic,,39970 Crest Line Pass,10/8/1989
Conn,Kornousek,Drake,dkornousekjv@dot.gov,Male,Iran,,99700 Buell Drive,8/6/1961
Portie,Dumbrill,Diego,ddumbrilljw@digg.com,Male,Indonesia,,8 Nova Trail,11/21/1967
Chrysa,Sylvester,Mira,msylvesterjx@miitbeian.gov.cn,Female,Poland,,9 Division Way,5/9/1976
Pernell,Tuffey,Duane,dtuffeyjy@rediff.com,Male,Guatemala,,21548 Norway Maple Pass,6/26/1991
Eziechiele,Depka,Karoly,kdepkajz@naver.com,Male,France,Lorraine,282 Sunnyside Avenue,5/4/1986
Lacie,Georgeon,Trina,tgeorgeonk0@bizjournals.com,Female,Philippines,,3 South Center,5/19/1960
Tim,Soule,Xerxes,xsoulek1@domainmarket.com,Male,Japan,,5 Pennsylvania Circle,2/19/1994
Maurine,Aird,Letta,lairdk2@nba.com,Female,Indonesia,,026 Fuller Place,10/28/2003
Hubie,Scardifeild,Desi,dscardifeildk3@home.pl,Male,South Africa,,5 Golf View Alley,5/21/1964
Elsbeth,Darinton,Tamara,tdarintonk4@mail.ru,Female,China,,852 Barby Road,11/18/2003
Rois,Baudin,Julina,jbaudink5@whitehouse.gov,Genderfluid,Canada,Newfoundland and Labrador,0177 Brown Drive,9/19/1992
Geoff,Garz,Tobiah,tgarzk6@nymag.com,Male,Czech Republic,,05 Arizona Place,4/30/1999
Shawn,Lownds,Valerye,vlowndsk7@comsenz.com,Female,Nicaragua,,3867 Blaine Plaza,3/7/1967
Sayre,Stollenberg,Constantine,cstollenbergk8@vistaprint.com,Male,China,,5094 Hoard Road,4/27/1979
Tobi,Aaron,Guenevere,gaaronk9@friendfeed.com,Female,Kosovo,,56 Novick Point,9/29/1976
Joey,O'Hagirtie,Kim,kohagirtieka@upenn.edu,Female,Greece,,0 Cardinal Hill,11/26/1981
Mikkel,Wohler,Gard,gwohlerkb@nba.com,Male,Brazil,,7 Superior Court,8/14/1961
Roslyn,Gallen,Tonye,tgallenkc@prnewswire.com,Polygender,Brazil,,09438 Lakewood Park,8/31/1980
Haze,Raimbauld,Bill,braimbauldkd@sohu.com,Male,Ireland,,422 Waubesa Circle,10/9/1993
Aurore,Childers,Jonis,jchilderske@w3.org,Female,Russia,,40 Surrey Park,3/7/1982
Vassily,Harnor,Bastien,bharnorkf@weebly.com,Male,Japan,,28 Mesta Pass,7/28/1969
Courtney,Corbould,Arlie,acorbouldkg@vistaprint.com,Female,Indonesia,,94 Fuller Plaza,12/24/2004
Giovanni,Cabbell,Waiter,wcabbellkh@g.co,Male,China,,551 Oak Drive,9/1/1985
Brunhilda,Northfield,Claudetta,cnorthfieldki@bloglovin.com,Female,China,,16 Scott Court,6/5/2002
Evangelia,St Ange,Nalani,nstangekj@symantec.com,Female,Pakistan,,77033 Lake View Pass,4/16/1987
Charles,Josskowitz,Alano,ajosskowitzkk@arstechnica.com,Non-binary,Pakistan,,5051 Sloan Plaza,1/19/1975
Marion,Ortler,Cordy,cortlerkl@thetimes.co.uk,Male,Ukraine,,88486 Marquette Alley,4/1/1970
Ignacius,Seelbach,Tobiah,tseelbachkm@alexa.com,Male,Sweden,Östergötland,12643 Rutledge Center,8/30/1981
Merci,Reye,Ashlin,areyekn@apple.com,Polygender,Argentina,,8 Kenwood Street,11/20/1997
Lonni,Perrottet,Margaretta,mperrottetko@harvard.edu,Female,Sweden,Norrbotten,047 Petterle Park,8/8/2002
Welch,Boise,Maxie,mboisekp@mlb.com,Male,China,,8 Green Point,1/30/1990
Ronalda,Ritzman,Sharon,sritzmankq@abc.net.au,Female,Greece,,63318 Melvin Road,9/5/1997
Rene,Dunnet,Hallie,hdunnetkr@webeden.co.uk,Female,Philippines,,63589 Havey Crossing,12/13/1980
Jocelyn,Lowndes,Aloisia,alowndesks@macromedia.com,Female,Saudi Arabia,,25 Northland Place,11/13/1989
Cordula,Lucken,Sheryl,sluckenkt@elegantthemes.com,Female,Greece,,76989 Algoma Circle,11/9/1973
Reidar,Frunks,Alexandr,afrunksku@4shared.com,Male,Slovenia,,79 Service Center,3/29/2003
Dwayne,Lindemann,Field,flindemannkv@reuters.com,Male,Serbia,,3255 Comanche Circle,8/23/1995
Erskine,Williamson,Carolus,cwilliamsonkw@wired.com,Male,Armenia,,908 Warbler Drive,2/24/1992
Briana,Anfossi,Osbert,oanfossikx@xinhuanet.com,Genderqueer,North Korea,,8623 Dapin Circle,4/9/1999
Beret,Boriston,Davine,dboristonky@deliciousdays.com,Female,Somalia,,329 Colorado Junction,6/26/1966
Brig,Bollis,Gardner,gbolliskz@tiny.cc,Male,Albania,,56 Westerfield Point,1/2/1963
Tybie,Assad,Carlita,cassadl0@engadget.com,Female,Cyprus,,49 Tony Court,4/11/1996
Barbaraanne,Barbrook,Teirtza,tbarbrookl1@google.nl,Female,Colombia,,9155 Nobel Junction,12/13/1988
Terri,Blaza,Codi,cblazal2@chronoengine.com,Female,Kazakhstan,,49607 Welch Hill,8/11/2003
Renato,Galletly,Branden,bgalletlyl3@moonfruit.com,Male,China,,6005 Russell Junction,7/19/1974
Sibelle,Denny,Germain,gdennyl4@1688.com,Female,Sweden,Kalmar,89188 Glendale Parkway,3/29/1978
Valaree,Lamartine,Denna,dlamartinel5@ucsd.edu,Female,China,,41711 Tennessee Pass,3/7/1967
Alec,Boddam,Maximilianus,mboddaml6@nydailynews.com,Male,Serbia,,377 Eagan Parkway,5/19/2004
Salli,Kenryd,Aubrey,akenrydl7@techcrunch.com,Female,Ukraine,,3 Farmco Hill,12/20/1967
Bret,Chasson,Ian,ichassonl8@army.mil,Male,United States,Florida,500 Westerfield Crossing,9/18/1971
Milzie,Mattaus,Raven,rmattausl9@shinystat.com,Female,Thailand,,720 Red Cloud Center,8/12/1984
Bernadene,Redrup,Alfy,aredrupla@ezinearticles.com,Female,Chile,,35 Springs Park,5/20/1965
Maryjo,Donner,Barry,bdonnerlb@ed.gov,Female,Republic of the Congo,,3762 Kennedy Street,12/26/1966
Sinclare,Keen,Eldin,ekeenlc@smugmug.com,Male,China,,7547 Dorton Alley,9/7/1990
Nikolaus,Wrighton,Galven,gwrightonld@livejournal.com,Male,China,,796 Jenifer Terrace,3/5/1971
Gianni,Slade,Cori,csladele@theguardian.com,Male,Norway,Nordland,043 Southridge Point,10/17/1967
Greg,Gladman,Luci,lgladmanlf@cocolog-nifty.com,Genderqueer,Indonesia,,9122 Ilene Drive,9/5/1970
Jilleen,Landa,Katya,klandalg@weather.com,Bigender,Philippines,,63029 Carey Way,8/11/2003
Nellie,Seeley,King,kseeleylh@hhs.gov,Bigender,Russia,,0635 Hoffman Avenue,11/11/1995
Harriot,Broadis,Evelyn,ebroadisli@geocities.jp,Female,France,Île-de-France,40849 Hagan Plaza,1/18/1969
Shelagh,Giacobillo,Annabell,agiacobillolj@dropbox.com,Female,Japan,,8488 Maple Wood Place,8/23/1989
Kermit,Whacket,Guillema,gwhacketlk@toplist.cz,Genderqueer,Bulgaria,,33090 Holmberg Point,10/24/1981
Baxter,Gealle,Rollie,rgeallell@house.gov,Male,Poland,,7564 Union Court,5/19/1988
Halsey,Goss,Wendell,wgosslm@mapquest.com,Male,China,,74 Monica Junction,7/31/1973
Leah,O'Crevy,Carmelina,cocrevyln@foxnews.com,Female,Indonesia,,7797 Delladonna Court,11/29/1977
Saxon,Brightman,Raddie,rbrightmanlo@dagondesign.com,Male,Russia,,66 Pennsylvania Circle,6/16/1974
Nessy,Noweak,Berna,bnoweaklp@un.org,Female,Serbia,,80244 Michigan Crossing,3/9/1983
Lamont,Burlay,Brody,bburlaylq@flavors.me,Male,Portugal,Porto,565 New Castle Terrace,2/24/1977
Arda,Torrese,Viv,vtorreselr@mit.edu,Female,Colombia,,6 Briar Crest Junction,6/20/1992
Marieann,Dodds,Elspeth,edoddsls@hubpages.com,Female,Japan,,56600 Acker Avenue,3/22/1986
Ninnette,Hekkert,Natalya,nhekkertlt@sitemeter.com,Female,Indonesia,,1 Becker Terrace,11/5/1987
Wallie,Winders,Ferrell,fwinderslu@ehow.com,Male,Indonesia,,11 Elka Street,2/18/1980
Carlynne,Patshull,Eachelle,epatshulllv@vinaora.com,Female,Greece,,5008 Valley Edge Junction,5/27/1999
Clyve,Maffulli,Edmon,emaffullilw@com.com,Male,Netherlands,Provincie Zuid-Holland,764 Carioca Terrace,3/8/1966
Blinni,Lark,Grazia,glarklx@weibo.com,Female,Nigeria,,6 Daystar Center,7/16/1973
Rafaela,Ludwikiewicz,Cleopatra,cludwikiewiczly@amazon.co.uk,Female,Croatia,,41464 Westend Place,8/11/1989
Jaine,Roycroft,Dela,droycroftlz@spotify.com,Female,Sweden,Uppsala,3 Sheridan Hill,6/29/1990
Merry,Scadden,Dane,dscaddenm0@is.gd,Male,Thailand,,43547 Nancy Trail,1/30/1997
Inger,Dimberline,Joellen,jdimberlinem1@salon.com,Female,Czech Republic,,4 Fairfield Alley,8/2/1972
Chrissy,Gayther,Koo,kgaytherm2@harvard.edu,Female,Canada,British Columbia,776 Red Cloud Alley,4/15/1972
Ruperta,Friskey,Nanni,nfriskeym3@posterous.com,Female,China,,45892 Canary Drive,12/21/1971
Nadia,Priddey,Marie-jeanne,mpriddeym4@guardian.co.uk,Female,China,,685 Melody Place,12/21/1969
Hinze,Luckett,Valentin,vluckettm5@indiegogo.com,Agender,China,,20 Holmberg Plaza,6/1/2001
Marie-jeanne,Bras,Alene,abrasm6@weebly.com,Female,Indonesia,,0 Mccormick Avenue,10/26/1972
Bambie,Goodram,Mahala,mgoodramm7@va.gov,Female,Nepal,,10 Walton Plaza,11/6/1960
Morgan,Oloman,Mariquilla,molomanm8@zdnet.com,Female,Philippines,,43906 Merry Junction,7/2/1982
Charmain,Wayvill,Asia,awayvillm9@yolasite.com,Female,China,,3599 Schurz Plaza,6/9/1979
Annette,Coltman,Dahlia,dcoltmanma@patch.com,Female,Ukraine,,9975 Birchwood Street,5/8/1981
Damaris,Jereatt,Gilberta,gjereattmb@techcrunch.com,Female,China,,730 Homewood Place,9/22/1970
Nataline,Lamey,Judy,jlameymc@cornell.edu,Female,China,,65 Lakewood Gardens Park,7/12/1965
Brnaby,Baccas,Darbee,dbaccasmd@artisteer.com,Male,Ireland,,16816 Brentwood Circle,4/29/1972
Gran,Yarnall,Ricardo,ryarnallme@nymag.com,Male,Brazil,,6154 Linden Plaza,5/17/1970
Alfonse,Franzel,Waylan,wfranzelmf@nba.com,Male,Peru,,6 Hallows Parkway,9/7/1986
Antony,Denyer,Newton,ndenyermg@google.es,Male,Portugal,Viseu,49188 Merchant Road,9/5/1973
Edithe,Lathee,Joelie,jlatheemh@tamu.edu,Female,China,,1 Mccormick Point,6/30/1965
Gregorius,Beams,Alasteir,abeamsmi@newyorker.com,Male,Indonesia,,6 Park Meadow Road,6/1/1971
Seka,Cubbon,Kissee,kcubbonmj@cdc.gov,Female,Mexico,Veracruz Llave,32 Dottie Avenue,2/13/2000
Stanislas,Fritschmann,Brice,bfritschmannmk@qq.com,Male,Portugal,Leiria,83639 Acker Pass,3/11/1986
Iago,Bramble,Alaster,abrambleml@zimbio.com,Male,Russia,,311 Scofield Drive,8/25/1984
Rozella,Seak,Clarice,cseakmm@discuz.net,Female,Russia,,246 Longview Lane,4/24/1997
Ailey,Jordi,Elita,ejordimn@networksolutions.com,Female,Poland,,36047 Grasskamp Circle,8/4/1966
Theodor,Houchin,Orren,ohouchinmo@mac.com,Bigender,Brazil,,66 Thompson Junction,10/12/1976
Chick,Teanby,Alfonso,ateanbymp@last.fm,Male,Czech Republic,,68339 Pankratz Plaza,4/1/1996
Rena,Willimot,Agace,awillimotmq@wordpress.com,Female,Ukraine,,63 Welch Court,12/4/1962
Barnard,Dunbar,Virginia,vdunbarmr@creativecommons.org,Genderqueer,China,,957 Dahle Way,5/26/1978
Hamel,Gunthorp,Wilek,wgunthorpms@ca.gov,Male,Indonesia,,95988 Grim Drive,11/8/1988
Guillaume,Cheese,Ferguson,fcheesemt@bbc.co.uk,Male,Brazil,,6 Crest Line Lane,10/29/1985
Emmerich,Follitt,Shane,sfollittmu@altervista.org,Male,Jordan,,10147 Elgar Court,1/21/2005
Jaime,McCrory,Raven,rmccrorymv@webs.com,Female,China,,1 Autumn Leaf Plaza,12/26/1960
Gerladina,Hedger,Rafaelia,rhedgermw@who.int,Female,Poland,,5 Karstens Circle,2/24/1995
Ingunna,Abeles,Isabeau,iabelesmx@edublogs.org,Female,Panama,,386 North Crossing,4/27/1965
Nate,Graddell,Humberto,hgraddellmy@oracle.com,Male,China,,0103 Roth Pass,9/15/1967
Mikol,Penticost,Gerald,gpenticostmz@xing.com,Male,China,,524 Starling Circle,8/24/2004
Mallorie,Andrich,Alene,aandrichn0@odnoklassniki.ru,Bigender,China,,6 Vidon Drive,8/8/1980
Rodney,Howatt,Jamaal,jhowattn1@dailymotion.com,Male,China,,5 Linden Alley,1/4/1962
Devan,Matejka,Melita,mmatejkan2@psu.edu,Female,China,,25493 Prairieview Road,10/13/2004
Clarita,Jellings,Guenna,gjellingsn3@rediff.com,Female,China,,2 Katie Pass,10/21/1978
Analiese,Neller,Carolee,cnellern4@dedecms.com,Female,United States,Nevada,2 Hayes Junction,3/25/2001
Natka,De Rye Barrett,Stefania,sderyebarrettn5@canalblog.com,Female,Indonesia,,6064 Rockefeller Lane,1/30/1961
Silvan,Billin,Fabiano,fbillinn6@vimeo.com,Genderqueer,Albania,,715 Bayside Pass,7/25/1971
Lenka,Sherar,Damara,dsherarn7@posterous.com,Female,Indonesia,,28 Farmco Road,3/10/1984
Gerick,McKellar,Darren,dmckellarn8@addthis.com,Male,China,,61384 Haas Alley,12/14/1998
Hort,Willes,Jaimie,jwillesn9@irs.gov,Male,Japan,,39 2nd Hill,6/17/1961
Salomi,Penkethman,Venita,vpenkethmanna@ask.com,Female,Brazil,,565 Di Loreto Center,6/20/1976
Evania,Gravet,Alla,agravetnb@desdev.cn,Female,France,Nord-Pas-de-Calais,041 Forest Trail,5/29/1972
Reeta,Jacquest,Doro,djacquestnc@independent.co.uk,Female,China,,9 Ilene Plaza,3/7/1983
Cale,Taggart,Derwin,dtaggartnd@cloudflare.com,Male,France,Languedoc-Roussillon,41265 Northridge Terrace,5/13/1999
Orv,Margerrison,Dov,dmargerrisonne@kickstarter.com,Male,China,,09896 Laurel Road,7/4/1999
Rollo,Lownes,Alberik,alownesnf@cnn.com,Bigender,Philippines,,48090 Surrey Plaza,9/7/2002
Bonnee,Slayny,Rebekah,rslaynyng@rakuten.co.jp,Female,Indonesia,,9830 Morningstar Hill,4/5/1990
Brocky,Allchin,Garrott,gallchinnh@cnn.com,Male,Philippines,,20 Coolidge Hill,1/14/1996
Bogey,Keenlayside,Reinald,rkeenlaysideni@dailymail.co.uk,Male,Bolivia,,17386 Thompson Court,7/18/1982
Saundra,Artist,Daniele,dartistnj@tamu.edu,Female,China,,2127 Amoth Way,12/16/1982
Angil,O'Giany,Leah,logianynk@prweb.com,Female,Pakistan,,7 Lerdahl Avenue,5/5/1979
Cooper,Pray,Ashley,apraynl@arstechnica.com,Male,China,,1867 Eastlawn Hill,12/18/1977
Ruby,Kleeborn,Shana,skleebornnm@usatoday.com,Female,Nigeria,,99973 Paget Pass,4/1/1982
Harriette,Crews,Krissie,kcrewsnn@vkontakte.ru,Female,Brazil,,34834 Oneill Avenue,5/3/1986
Dudley,Lorenzo,Sherri,slorenzono@fda.gov,Genderfluid,Brazil,,03 Kenwood Way,5/15/1971
Shell,Shatliffe,Kyle,kshatliffenp@soundcloud.com,Male,Russia,,4434 6th Crossing,12/3/1972
Cort,Storror,Lucie,lstorrornq@ifeng.com,Agender,Sweden,Västra Götaland,16 Fuller Drive,2/21/1979
Drona,Sivil,Garnet,gsivilnr@census.gov,Female,Indonesia,,25175 Buhler Alley,4/12/1968
Hope,Raymond,Bonni,braymondns@unblog.fr,Female,Ireland,,92 Shelley Junction,7/14/2001
Muffin,Schulze,Langston,lschulzent@miibeian.gov.cn,Male,Peru,,3 Dryden Court,9/11/1991
Shirley,Swallow,Chandal,cswallownu@naver.com,Female,Trinidad and Tobago,,11205 Union Way,9/6/1961
Halsey,Gratland,Ario,agratlandnv@nba.com,Genderqueer,Russia,,689 Messerschmidt Parkway,9/11/1991
Shirlene,O'Cooney,Letta,locooneynw@themeforest.net,Female,Finland,,7 Ridgeview Plaza,9/21/1987
Alene,Gooderson,Sibbie,sgoodersonnx@lycos.com,Female,France,Île-de-France,6600 Northridge Junction,10/11/1992
Em,Lanning,Nikki,nlanningny@cnet.com,Male,China,,63 Green Ridge Place,11/27/1991
Jamal,Nanuccioi,Cullan,cnanuccioinz@accuweather.com,Male,Indonesia,,0542 Norway Maple Crossing,9/19/1983
Marjorie,Gockeler,Vittoria,vgockelero0@tmall.com,Female,Russia,,3 Independence Crossing,6/13/2002
Mannie,Johnstone,Borden,bjohnstoneo1@vk.com,Male,Poland,,30829 Gulseth Junction,3/19/1992
Cristina,Townshend,Harmonie,htownshendo2@usda.gov,Female,Indonesia,,453 Pond Center,1/19/1983
Belva,Skelhorn,Fleur,fskelhorno3@clickbank.net,Female,China,,9568 Brentwood Court,6/7/1981
Weider,Noorwood,Benedikt,bnoorwoodo4@apple.com,Male,United States,Texas,1470 East Street,12/15/1977
Sal,Lidell,Taylor,tlidello5@fotki.com,Male,South Africa,,300 Chive Crossing,4/19/1995
Demetris,Paddemore,Debby,dpaddemoreo6@com.com,Female,Japan,,70 Mitchell Drive,7/18/1988
Norbie,Yerrall,Cale,cyerrallo7@geocities.com,Male,Nicaragua,,79093 Laurel Drive,10/17/1972
Konstantin,MacKay,Saunders,smackayo8@uol.com.br,Male,Philippines,,64 Hoepker Junction,6/21/2000
Norbert,Pettet,Goddart,gpetteto9@acquirethisname.com,Male,Brazil,,3 Magdeline Junction,4/21/1969
Chip,Prando,Ambrosius,aprandooa@mapy.cz,Male,China,,997 Summer Ridge Point,11/23/1965
Giorgio,Badland,Wesley,wbadlandob@bravesites.com,Male,Philippines,,47 Clemons Center,3/21/1974
Reeva,Silversmid,Mara,msilversmidoc@technorati.com,Female,Indonesia,,3754 Gale Way,4/21/1997
Lyda,Kemson,Carlynn,ckemsonod@typepad.com,Female,United States,District of Columbia,8051 Del Mar Parkway,1/13/1990
Marylin,Pothbury,Aviva,apothburyoe@ebay.co.uk,Female,Syria,,5 Corry Point,4/18/1970
Pavel,Abrahamsson,Tore,tabrahamssonof@princeton.edu,Male,Russia,,6 Porter Way,5/28/1967
Fabio,Prisley,Adolf,aprisleyog@jigsy.com,Male,China,,34943 Burrows Parkway,1/26/1969
Enoch,Graalman,Arv,agraalmanoh@chron.com,Male,Brazil,,9 Rowland Circle,6/18/1976
Regan,Wrightam,Shanna,swrightamoi@netvibes.com,Female,France,Champagne-Ardenne,1457 Memorial Trail,7/22/2004
Lionel,O'Hartagan,Rocky,rohartaganoj@sourceforge.net,Male,Iceland,,799 Valley Edge Circle,2/9/1962
Neill,Denver,Warner,wdenverok@github.com,Male,Portugal,Évora,57617 Commercial Point,6/12/1965
Corabel,Lamden,Bliss,blamdenol@netvibes.com,Female,China,,24 Cordelia Road,1/18/1988
Teddy,Zealander,Mortie,mzealanderom@cbc.ca,Male,El Salvador,,89 Valley Edge Parkway,9/25/1978
Bennie,Prantl,Britta,bprantlon@meetup.com,Female,China,,290 Glendale Terrace,7/7/2002
Junia,Stammer,Mariette,mstammeroo@npr.org,Female,Czech Republic,,33465 Shopko Avenue,8/2/1983
Harwell,Thunnerclef,Nefen,nthunnerclefop@sogou.com,Male,Sweden,Stockholm,4 Hudson Point,2/9/1979
Marlow,Berrey,Kristo,kberreyoq@51.la,Male,Indonesia,,77788 Drewry Terrace,5/20/1983
Mikaela,Fishby,Zonda,zfishbyor@oakley.com,Female,China,,9033 8th Terrace,11/25/1964
Wallis,Rawcliffe,Lucian,lrawcliffeos@google.pl,Male,Bulgaria,,97 Pawling Plaza,9/17/1985
Fitzgerald,Katzmann,Ephraim,ekatzmannot@mtv.com,Male,United States,Texas,91819 Forest Run Way,4/22/1974
Hana,Halwood,Marylynne,mhalwoodou@nydailynews.com,Female,Estonia,,985 Summer Ridge Center,5/30/1968
El,Divill,Vlad,vdivillov@creativecommons.org,Male,Senegal,,0338 Jackson Trail,2/1/1972
Had,Mordacai,Pembroke,pmordacaiow@sphinn.com,Male,United States,Arizona,0107 Express Center,9/12/1961
Staford,Arstingall,Garfield,garstingallox@ft.com,Male,Thailand,,48134 Crescent Oaks Plaza,6/12/1980
Corene,Darthe,Emma,edartheoy@imgur.com,Genderqueer,China,,0448 Boyd Parkway,11/25/1999
Sigismundo,Thursfield,Nappie,nthursfieldoz@fotki.com,Male,China,,66 High Crossing Road,10/14/1977
Wat,Enser,Cello,censerp0@icq.com,Male,Russia,,61634 Sutteridge Road,4/5/1996
Theodore,Choffin,Emile,echoffinp1@tuttocitta.it,Male,Indonesia,,595 Linden Lane,1/15/1990
Kalli,Kill,Liana,lkillp2@amazon.co.uk,Female,Indonesia,,82 Mifflin Trail,7/1/1967
Quinta,Le Estut,Rania,rleestutp3@epa.gov,Female,Poland,,8809 Ridge Oak Lane,4/3/1963
Alwin,L'oiseau,Tris,tloiseaup4@spiegel.de,Male,France,Île-de-France,22 Mcguire Way,7/27/1965
Jamey,Pikett,Tibold,tpikettp5@who.int,Male,Brazil,,41 Declaration Drive,7/15/1986
Bar,Halleybone,Cornelius,challeybonep6@zimbio.com,Male,France,Centre,8 Laurel Point,12/25/1991
Dorolice,Lorkings,Serene,slorkingsp7@joomla.org,Female,South Africa,,3018 Ronald Regan Plaza,12/24/1994
Stephanus,Brimmacombe,Britni,bbrimmacombep8@mayoclinic.com,Non-binary,Indonesia,,2964 Saint Paul Point,1/5/1961
Jule,Scraney,Kiel,kscraneyp9@behance.net,Male,Indonesia,,45630 Gerald Court,12/24/1999
Shep,Theunissen,Samuel,stheunissenpa@ovh.net,Male,Canada,Ontario,0 Grayhawk Park,3/11/1968
Rafaelia,Corn,Ardine,acornpb@amazon.co.jp,Female,Indonesia,,516 Mendota Center,2/7/1966
Emlynne,Swyne,Nixie,nswynepc@pinterest.com,Female,Russia,,29 Mcguire Place,11/8/1996
Bunnie,Gounard,Neilla,ngounardpd@whitehouse.gov,Female,United States,Florida,35178 Mayer Pass,1/18/1984
Franky,Bourrel,Luisa,lbourrelpe@auda.org.au,Female,Philippines,,23 Mendota Lane,11/7/1966
Finn,Harler,Kellen,kharlerpf@wikispaces.com,Male,China,,75032 Hudson Road,1/29/1973
Gery,Danielut,Fritz,fdanielutpg@unblog.fr,Male,Greece,,50 Armistice Avenue,3/22/1968
Ava,Damrell,Maximilianus,mdamrellph@myspace.com,Genderfluid,Indonesia,,09 Browning Parkway,4/21/1995
Staford,Simonnet,Ezra,esimonnetpi@cbslocal.com,Male,Portugal,Lisboa,5760 Erie Alley,3/22/1963
Shawn,Keling,Albertina,akelingpj@sphinn.com,Female,Nicaragua,,10 Morrow Avenue,9/18/1983
Godwin,Bingell,Alfred,abingellpk@weebly.com,Male,Armenia,,284 Katie Court,7/9/1966
Ammamaria,Burgisi,Gilberta,gburgisipl@chronoengine.com,Female,Russia,,98 Warbler Park,3/20/2002
Levi,Meynell,Waylon,wmeynellpm@amazon.co.uk,Male,China,,2 Dennis Hill,1/14/1974
Remus,Dewhurst,Virgie,vdewhurstpn@house.gov,Male,Colombia,,64 Green Ridge Road,5/13/1977
Sharai,Minichillo,Mara,mminichillopo@state.gov,Female,Tunisia,,362 Prairie Rose Street,8/8/1993
Maurizia,Worstall,Georgiana,gworstallpp@nps.gov,Female,Indonesia,,358 Mallard Way,12/9/1987
Prescott,Drewe,Skipp,sdrewepq@studiopress.com,Male,Tanzania,,2464 Hoepker Junction,8/12/1979
Lucina,Kearsley,Rosaline,rkearsleypr@irs.gov,Female,Brazil,,58624 Union Drive,1/14/1991
Krisha,Lazar,Harp,hlazarps@businesswire.com,Male,Brazil,,7 Merchant Lane,2/17/1962
Caresse,Hofer,Wynn,whoferpt@sakura.ne.jp,Female,Colombia,,53233 Dawn Plaza,7/31/1977
Trudy,Juorio,Mei,mjuoriopu@gravatar.com,Female,China,,7 Tomscot Circle,7/20/2003
Aharon,Gason,Royce,rgasonpv@usatoday.com,Male,Indonesia,,92 Jenna Court,5/24/1970
Saunder,Vowells,Royal,rvowellspw@sphinn.com,Male,Morocco,,121 North Crossing,1/12/1997
Yuri,Yegorkov,Saleem,syegorkovpx@ezinearticles.com,Male,Russia,,763 Oak Center,1/9/1993
Traver,Linster,Purcell,plinsterpy@linkedin.com,Male,China,,5 Old Shore Court,11/29/1985
Chrotoem,Worner,Esme,ewornerpz@pen.io,Male,Sierra Leone,,1026 Rockefeller Way,9/24/1960
Anjela,Stitt,Hedwig,hstittq0@w3.org,Female,Russia,,69398 Weeping Birch Alley,2/5/1989
Antonetta,Goodship,Iormina,igoodshipq1@simplemachines.org,Female,Indonesia,,91 Bashford Place,1/29/1979
Ario,Ledes,Gerik,gledesq2@cnet.com,Male,Czech Republic,,3 Corscot Junction,3/29/1977
Emlyn,Pirdue,Morganne,mpirdueq3@nba.com,Genderfluid,Portugal,Leiria,9 Heffernan Trail,5/28/1975
Martita,Yokelman,Adriane,ayokelmanq4@bbc.co.uk,Female,Brazil,,7772 Eastwood Lane,7/25/1983
Waiter,Durston,Nathan,ndurstonq5@tiny.cc,Male,China,,320 Darwin Point,9/12/1968
Tanya,Patsall,Melloney,mpatsallq6@yahoo.co.jp,Female,Sweden,Värmland,95775 Corben Center,11/28/1985
Artemus,Fitzsimon,Patrizio,pfitzsimonq7@tripod.com,Male,Nigeria,,641 Express Crossing,5/24/1994
Pinchas,Bannell,Kennett,kbannellq8@omniture.com,Male,Russia,,8941 Manley Pass,1/19/1972
Ewan,Brusby,Garrot,gbrusbyq9@nationalgeographic.com,Male,Indonesia,,030 Fremont Plaza,8/18/1997
Windy,Squibe,Malina,msquibeqa@house.gov,Polygender,Poland,,8714 Fordem Way,4/8/1968
Levin,Jenner,Balduin,bjennerqb@jiathis.com,Male,Peru,,8582 School Avenue,7/7/1979
Maynard,Bunyard,Berny,bbunyardqc@ebay.com,Non-binary,Philippines,,28330 Sunbrook Point,10/1/1960
Anastasie,Middlemist,Adelind,amiddlemistqd@twitter.com,Female,South Africa,,6609 Harper Point,12/6/1999
Drucill,Permain,Chelsy,cpermainqe@surveymonkey.com,Female,China,,92593 Starling Crossing,10/5/1974
Leanor,Terbrug,Roseline,rterbrugqf@usa.gov,Female,Cuba,,3 Lotheville Street,3/12/2003
Heather,Facchini,Gilda,gfacchiniqg@paginegialle.it,Female,Czech Republic,,865 La Follette Plaza,1/20/1976
Goldarina,Winchester,Petunia,pwinchesterqh@guardian.co.uk,Female,Russia,,631 Roxbury Center,5/11/1994
Lilith,Romero,Jannelle,jromeroqi@angelfire.com,Female,Philippines,,6 Northridge Circle,11/17/1966
Penni,Koche,Jemie,jkocheqj@techcrunch.com,Female,China,,5 Canary Pass,8/27/1991
Ted,Frary,Dunc,dfraryqk@scientificamerican.com,Male,Libya,,5452 5th Way,10/22/1964
Norry,Thaxton,Abagael,athaxtonql@craigslist.org,Female,Russia,,9449 Sutherland Lane,8/1/1960
Yolane,Humm,Michaelina,mhummqm@yolasite.com,Female,China,,710 Lindbergh Lane,7/28/1983
Claudius,Baudacci,Perren,pbaudacciqn@meetup.com,Male,Netherlands,Provincie Utrecht,37 Bonner Junction,9/11/1994
Sanders,Frugier,Byron,bfrugierqo@naver.com,Male,China,,165 Sutteridge Place,1/6/1964
Mada,Josh,Sara-ann,sjoshqp@slashdot.org,Female,Indonesia,,0 Sycamore Parkway,1/8/1992
Augustine,Spracklin,Sharla,sspracklinqq@g.co,Polygender,China,,048 Welch Crossing,4/9/1962
Tiertza,Olcot,Patrizia,polcotqr@wordpress.com,Female,Yemen,,23940 Holy Cross Road,1/16/1972
Dolph,Sawart,Loydie,lsawartqs@themeforest.net,Male,China,,4276 Spohn Parkway,4/8/2000
Gallagher,Bloan,Dag,dbloanqt@webeden.co.uk,Male,Ireland,,1 Kinsman Plaza,4/23/1991
Lita,Tait,Monika,mtaitqu@yahoo.co.jp,Female,Portugal,Santarém,4908 Bartelt Lane,10/29/1996
Meghann,Anthoin,Jordan,janthoinqv@who.int,Female,France,Pays de la Loire,33 Duke Court,8/7/2001
Hobart,Serck,Patrick,pserckqw@boston.com,Male,Brazil,,14904 Paget Lane,12/18/1962
Maud,Thorowgood,Sacha,sthorowgoodqx@irs.gov,Female,China,,0850 8th Alley,9/3/1964
Cassius,Cymper,Boniface,bcymperqy@smh.com.au,Male,Peru,,13132 Canary Drive,9/12/1991
Kliment,MacNeill,Whit,wmacneillqz@mapquest.com,Male,Philippines,,7 Cordelia Pass,7/18/1964
Amandy,Wedge,Pansie,pwedger0@ed.gov,Female,Malaysia,Kuala Lumpur,4398 American Road,1/8/1981
Dagny,Bowra,Erskine,ebowrar1@usatoday.com,Male,United States,North Carolina,33196 Old Gate Terrace,6/1/1979
Carilyn,Westbury,Laurie,lwestburyr2@dion.ne.jp,Female,China,,2 Heffernan Alley,2/23/1999
Peyton,Barnish,Gustavo,gbarnishr3@mysql.com,Male,Dominican Republic,,558 Merry Hill,5/27/1987
Noe,Gladwell,Mickie,mgladwellr4@omniture.com,Bigender,Comoros,,501 Northwestern Crossing,4/23/2004
Aileen,Aneley,Albina,aaneleyr5@amazon.co.jp,Female,United States,Oregon,0 Talmadge Parkway,12/17/1972
Ellene,Tupper,Angelica,atupperr6@google.es,Female,South Africa,,257 Sullivan Street,5/19/1971
Kali,Halkyard,Jilli,jhalkyardr7@fastcompany.com,Female,Cuba,,8498 Talmadge Parkway,10/4/1998
Harp,Ord,Loren,lordr8@linkedin.com,Male,Poland,,3157 Scott Junction,8/21/1997
Ric,Durdy,Geoff,gdurdyr9@exblog.jp,Male,Poland,,19 Carpenter Pass,3/28/1978
Rheta,Cristou,Bev,bcristoura@deviantart.com,Female,China,,3858 Cordelia Street,3/19/1968
Crosby,Tilsley,Reginauld,rtilsleyrb@dropbox.com,Male,Iran,,1 Nevada Drive,5/2/1986
Dennison,Manktelow,Nefen,nmanktelowrc@vimeo.com,Male,Portugal,Braga,4 Bartelt Junction,4/10/1989
Leila,Grumbridge,Marissa,mgrumbridgerd@cbc.ca,Female,Saint Kitts and Nevis,,366 Hallows Park,5/25/1976
Britney,Trymme,Ailee,atrymmere@dailymail.co.uk,Female,China,,32214 Eagle Crest Circle,5/9/1983
Odella,Loyndon,Maribel,mloyndonrf@dropbox.com,Genderqueer,Russia,,2 Morningstar Place,2/6/1989
Sloan,Poppleston,Grace,gpopplestonrg@home.pl,Bigender,Malaysia,Selangor,00957 Granby Parkway,5/9/1991
Osborne,Esselen,Luther,lesselenrh@utexas.edu,Male,Wallis and Futuna,,14980 Fairfield Point,7/3/1964
Roselle,Keeping,Dasya,dkeepingri@elegantthemes.com,Female,East Timor,,07497 Victoria Street,7/10/1992
Gay,Abbs,Neal,nabbsrj@jigsy.com,Male,China,,92413 Glendale Drive,1/20/2004
Akim,Idiens,Conroy,cidiensrk@japanpost.jp,Male,China,,7219 Lillian Trail,8/6/1996
Mikol,Pook,Rudiger,rpookrl@guardian.co.uk,Male,China,,1 Washington Trail,2/16/1969
Loella,Chaddock,Celestine,cchaddockrm@disqus.com,Female,Philippines,,05 Anderson Avenue,1/6/2004
Georgiana,Waiting,Glynnis,gwaitingrn@360.cn,Female,China,,95872 Westerfield Terrace,6/29/1994
Daryl,Radnage,Eddy,eradnagero@sitemeter.com,Female,Sweden,Halland,53 Bluejay Park,3/17/1975
Brok,MacLoughlin,Kristo,kmacloughlinrp@naver.com,Male,China,,792 Fallview Road,1/6/1965
Zebulon,Fleay,Artie,afleayrq@uiuc.edu,Male,Serbia,,23 Rusk Trail,4/10/1993
Livvie,Pridgeon,Tymon,tpridgeonrr@vimeo.com,Non-binary,China,,402 Sheridan Court,10/28/1987
